,strength,staff_change,staff_per_shift,shifts_per_day,end_of_day,prop_infected
0,2,1,5,1,1,0.10
1,2,1,5,2,1,
2,2,1,5,3,1,
3,2,1,10,1,1,0.05
4,2,1,10,2,1,
5,2,1,10,3,1,
6,2,1,20,1,1,0.03
7,2,1,20,2,1,
8,2,1,20,3,1,
9,2,1,30,1,1,0.02
10,2,1,30,2,1,
11,2,1,30,3,1,
12,2,3,5,1,1,0.10
13,2,3,5,2,1,
14,2,3,5,3,1,
15,2,3,10,1,1,0.05
16,2,3,10,2,1,
17,2,3,10,3,1,
18,2,3,20,1,1,0.03
19,2,3,20,2,1,
20,2,3,20,3,1,
21,2,3,30,1,1,0.02
22,2,3,30,2,1,
23,2,3,30,3,1,
24,2,7,5,1,1,0.10
25,2,7,5,2,1,
26,2,7,5,3,1,
27,2,7,10,1,1,0.05
28,2,7,10,2,1,
29,2,7,10,3,1,
30,2,7,20,1,1,0.03
31,2,7,20,2,1,
32,2,7,20,3,1,
33,2,7,30,1,1,0.02
34,2,7,30,2,1,
35,2,7,30,3,1,
36,2,14,5,1,1,0.10
37,2,14,5,2,1,
38,2,14,5,3,1,
39,2,14,10,1,1,0.05
40,2,14,10,2,1,
41,2,14,10,3,1,
42,2,14,20,1,1,0.03
43,2,14,20,2,1,
44,2,14,20,3,1,
45,2,14,30,1,1,0.02
46,2,14,30,2,1,
47,2,14,30,3,1,
48,2,21,5,1,1,0.10
49,2,21,5,2,1,
50,2,21,5,3,1,
51,2,21,10,1,1,0.05
52,2,21,10,2,1,
53,2,21,10,3,1,
54,2,21,20,1,1,0.03
55,2,21,20,2,1,
56,2,21,20,3,1,
57,2,21,30,1,1,0.02
58,2,21,30,2,1,
59,2,21,30,3,1,
60,4,1,5,1,1,0.05
61,4,1,5,2,1,0.05
62,4,1,5,3,1,0.05
63,4,1,10,1,1,0.03
64,4,1,10,2,1,0.03
65,4,1,10,3,1,0.03
66,4,1,20,1,1,0.01
67,4,1,20,2,1,0.01
68,4,1,20,3,1,0.01
69,4,1,30,1,1,0.01
70,4,1,30,2,1,0.01
71,4,1,30,3,1,0.01
72,4,3,5,1,1,0.05
73,4,3,5,2,1,0.05
74,4,3,5,3,1,0.05
75,4,3,10,1,1,0.03
76,4,3,10,2,1,0.03
77,4,3,10,3,1,0.03
78,4,3,20,1,1,0.01
79,4,3,20,2,1,0.01
80,4,3,20,3,1,0.01
81,4,3,30,1,1,0.01
82,4,3,30,2,1,0.01
83,4,3,30,3,1,0.01
84,4,7,5,1,1,0.05
85,4,7,5,2,1,0.05
86,4,7,5,3,1,0.05
87,4,7,10,1,1,0.03
88,4,7,10,2,1,0.03
89,4,7,10,3,1,0.03
90,4,7,20,1,1,0.01
91,4,7,20,2,1,0.01
92,4,7,20,3,1,0.01
93,4,7,30,1,1,0.01
94,4,7,30,2,1,0.01
95,4,7,30,3,1,0.01
96,4,14,5,1,1,0.05
97,4,14,5,2,1,0.05
98,4,14,5,3,1,0.05
99,4,14,10,1,1,0.03
100,4,14,10,2,1,0.03
101,4,14,10,3,1,0.03
102,4,14,20,1,1,0.01
103,4,14,20,2,1,0.01
104,4,14,20,3,1,0.01
105,4,14,30,1,1,0.01
106,4,14,30,2,1,0.01
107,4,14,30,3,1,0.01
108,4,21,5,1,1,0.05
109,4,21,5,2,1,0.05
110,4,21,5,3,1,0.05
111,4,21,10,1,1,0.03
112,4,21,10,2,1,0.03
113,4,21,10,3,1,0.03
114,4,21,20,1,1,0.01
115,4,21,20,2,1,0.01
116,4,21,20,3,1,0.01
117,4,21,30,1,1,0.01
118,4,21,30,2,1,0.01
119,4,21,30,3,1,0.01
120,6,1,5,1,1,0.03
121,6,1,5,2,1,0.03
122,6,1,5,3,1,0.03
123,6,1,10,1,1,0.02
124,6,1,10,2,1,0.02
125,6,1,10,3,1,0.02
126,6,1,20,1,1,0.01
127,6,1,20,2,1,0.01
128,6,1,20,3,1,0.01
129,6,1,30,1,1,0.01
130,6,1,30,2,1,0.01
131,6,1,30,3,1,0.01
132,6,3,5,1,1,0.03
133,6,3,5,2,1,0.03
134,6,3,5,3,1,0.03
135,6,3,10,1,1,0.02
136,6,3,10,2,1,0.02
137,6,3,10,3,1,0.02
138,6,3,20,1,1,0.01
139,6,3,20,2,1,0.01
140,6,3,20,3,1,0.01
141,6,3,30,1,1,0.01
142,6,3,30,2,1,0.01
143,6,3,30,3,1,0.01
144,6,7,5,1,1,0.03
145,6,7,5,2,1,0.03
146,6,7,5,3,1,0.03
147,6,7,10,1,1,0.02
148,6,7,10,2,1,0.02
149,6,7,10,3,1,0.02
150,6,7,20,1,1,0.01
151,6,7,20,2,1,0.01
152,6,7,20,3,1,0.01
153,6,7,30,1,1,0.01
154,6,7,30,2,1,0.01
155,6,7,30,3,1,0.01
156,6,14,5,1,1,0.03
157,6,14,5,2,1,0.03
158,6,14,5,3,1,0.03
159,6,14,10,1,1,0.02
160,6,14,10,2,1,0.02
161,6,14,10,3,1,0.02
162,6,14,20,1,1,0.01
163,6,14,20,2,1,0.01
164,6,14,20,3,1,0.01
165,6,14,30,1,1,0.01
166,6,14,30,2,1,0.01
167,6,14,30,3,1,0.01
168,6,21,5,1,1,0.03
169,6,21,5,2,1,0.03
170,6,21,5,3,1,0.03
171,6,21,10,1,1,0.02
172,6,21,10,2,1,0.02
173,6,21,10,3,1,0.02
174,6,21,20,1,1,0.01
175,6,21,20,2,1,0.01
176,6,21,20,3,1,0.01
177,6,21,30,1,1,0.01
178,6,21,30,2,1,0.01
179,6,21,30,3,1,0.01
180,2,1,5,1,2,0.10
181,2,1,5,2,2,
182,2,1,5,3,2,
183,2,1,10,1,2,0.05
184,2,1,10,2,2,
185,2,1,10,3,2,
186,2,1,20,1,2,0.03
187,2,1,20,2,2,
188,2,1,20,3,2,
189,2,1,30,1,2,0.02
190,2,1,30,2,2,
191,2,1,30,3,2,
192,2,3,5,1,2,0.10
193,2,3,5,2,2,
194,2,3,5,3,2,
195,2,3,10,1,2,0.05
196,2,3,10,2,2,
197,2,3,10,3,2,
198,2,3,20,1,2,0.03
199,2,3,20,2,2,
200,2,3,20,3,2,
201,2,3,30,1,2,0.02
202,2,3,30,2,2,
203,2,3,30,3,2,
204,2,7,5,1,2,0.10
205,2,7,5,2,2,
206,2,7,5,3,2,
207,2,7,10,1,2,0.05
208,2,7,10,2,2,
209,2,7,10,3,2,
210,2,7,20,1,2,0.03
211,2,7,20,2,2,
212,2,7,20,3,2,
213,2,7,30,1,2,0.02
214,2,7,30,2,2,
215,2,7,30,3,2,
216,2,14,5,1,2,0.10
217,2,14,5,2,2,
218,2,14,5,3,2,
219,2,14,10,1,2,0.05
220,2,14,10,2,2,
221,2,14,10,3,2,
222,2,14,20,1,2,0.03
223,2,14,20,2,2,
224,2,14,20,3,2,
225,2,14,30,1,2,0.02
226,2,14,30,2,2,
227,2,14,30,3,2,
228,2,21,5,1,2,0.10
229,2,21,5,2,2,
230,2,21,5,3,2,
231,2,21,10,1,2,0.05
232,2,21,10,2,2,
233,2,21,10,3,2,
234,2,21,20,1,2,0.03
235,2,21,20,2,2,
236,2,21,20,3,2,
237,2,21,30,1,2,0.02
238,2,21,30,2,2,
239,2,21,30,3,2,
240,4,1,5,1,2,0.05
241,4,1,5,2,2,0.05
242,4,1,5,3,2,0.05
243,4,1,10,1,2,0.03
244,4,1,10,2,2,0.03
245,4,1,10,3,2,0.03
246,4,1,20,1,2,0.01
247,4,1,20,2,2,0.01
248,4,1,20,3,2,0.01
249,4,1,30,1,2,0.01
250,4,1,30,2,2,0.01
251,4,1,30,3,2,0.01
252,4,3,5,1,2,0.05
253,4,3,5,2,2,0.05
254,4,3,5,3,2,0.05
255,4,3,10,1,2,0.03
256,4,3,10,2,2,0.03
257,4,3,10,3,2,0.03
258,4,3,20,1,2,0.01
259,4,3,20,2,2,0.01
260,4,3,20,3,2,0.01
261,4,3,30,1,2,0.01
262,4,3,30,2,2,0.01
263,4,3,30,3,2,0.01
264,4,7,5,1,2,0.05
265,4,7,5,2,2,0.05
266,4,7,5,3,2,0.05
267,4,7,10,1,2,0.03
268,4,7,10,2,2,0.03
269,4,7,10,3,2,0.03
270,4,7,20,1,2,0.01
271,4,7,20,2,2,0.01
272,4,7,20,3,2,0.01
273,4,7,30,1,2,0.01
274,4,7,30,2,2,0.01
275,4,7,30,3,2,0.01
276,4,14,5,1,2,0.05
277,4,14,5,2,2,0.05
278,4,14,5,3,2,0.05
279,4,14,10,1,2,0.03
280,4,14,10,2,2,0.03
281,4,14,10,3,2,0.03
282,4,14,20,1,2,0.01
283,4,14,20,2,2,0.01
284,4,14,20,3,2,0.01
285,4,14,30,1,2,0.01
286,4,14,30,2,2,0.01
287,4,14,30,3,2,0.01
288,4,21,5,1,2,0.05
289,4,21,5,2,2,0.05
290,4,21,5,3,2,0.05
291,4,21,10,1,2,0.03
292,4,21,10,2,2,0.03
293,4,21,10,3,2,0.03
294,4,21,20,1,2,0.01
295,4,21,20,2,2,0.01
296,4,21,20,3,2,0.01
297,4,21,30,1,2,0.01
298,4,21,30,2,2,0.01
299,4,21,30,3,2,0.01
300,6,1,5,1,2,0.03
301,6,1,5,2,2,0.03
302,6,1,5,3,2,0.03
303,6,1,10,1,2,0.02
304,6,1,10,2,2,0.02
305,6,1,10,3,2,0.02
306,6,1,20,1,2,0.01
307,6,1,20,2,2,0.01
308,6,1,20,3,2,0.01
309,6,1,30,1,2,0.01
310,6,1,30,2,2,0.01
311,6,1,30,3,2,0.01
312,6,3,5,1,2,0.03
313,6,3,5,2,2,0.03
314,6,3,5,3,2,0.03
315,6,3,10,1,2,0.02
316,6,3,10,2,2,0.02
317,6,3,10,3,2,0.02
318,6,3,20,1,2,0.01
319,6,3,20,2,2,0.01
320,6,3,20,3,2,0.01
321,6,3,30,1,2,0.01
322,6,3,30,2,2,0.01
323,6,3,30,3,2,0.01
324,6,7,5,1,2,0.03
325,6,7,5,2,2,0.03
326,6,7,5,3,2,0.03
327,6,7,10,1,2,0.02
328,6,7,10,2,2,0.02
329,6,7,10,3,2,0.02
330,6,7,20,1,2,0.01
331,6,7,20,2,2,0.01
332,6,7,20,3,2,0.01
333,6,7,30,1,2,0.01
334,6,7,30,2,2,0.01
335,6,7,30,3,2,0.01
336,6,14,5,1,2,0.03
337,6,14,5,2,2,0.03
338,6,14,5,3,2,0.03
339,6,14,10,1,2,0.02
340,6,14,10,2,2,0.02
341,6,14,10,3,2,0.02
342,6,14,20,1,2,0.01
343,6,14,20,2,2,0.01
344,6,14,20,3,2,0.01
345,6,14,30,1,2,0.01
346,6,14,30,2,2,0.01
347,6,14,30,3,2,0.01
348,6,21,5,1,2,0.03
349,6,21,5,2,2,0.03
350,6,21,5,3,2,0.03
351,6,21,10,1,2,0.02
352,6,21,10,2,2,0.02
353,6,21,10,3,2,0.02
354,6,21,20,1,2,0.01
355,6,21,20,2,2,0.01
356,6,21,20,3,2,0.01
357,6,21,30,1,2,0.01
358,6,21,30,2,2,0.01
359,6,21,30,3,2,0.01
360,2,1,5,1,3,0.10
361,2,1,5,2,3,
362,2,1,5,3,3,
363,2,1,10,1,3,0.05
364,2,1,10,2,3,
365,2,1,10,3,3,
366,2,1,20,1,3,0.03
367,2,1,20,2,3,
368,2,1,20,3,3,
369,2,1,30,1,3,0.02
370,2,1,30,2,3,
371,2,1,30,3,3,
372,2,3,5,1,3,0.10
373,2,3,5,2,3,
374,2,3,5,3,3,
375,2,3,10,1,3,0.05
376,2,3,10,2,3,
377,2,3,10,3,3,
378,2,3,20,1,3,0.03
379,2,3,20,2,3,
380,2,3,20,3,3,
381,2,3,30,1,3,0.02
382,2,3,30,2,3,
383,2,3,30,3,3,
384,2,7,5,1,3,0.10
385,2,7,5,2,3,
386,2,7,5,3,3,
387,2,7,10,1,3,0.05
388,2,7,10,2,3,
389,2,7,10,3,3,
390,2,7,20,1,3,0.03
391,2,7,20,2,3,
392,2,7,20,3,3,
393,2,7,30,1,3,0.02
394,2,7,30,2,3,
395,2,7,30,3,3,
396,2,14,5,1,3,0.10
397,2,14,5,2,3,
398,2,14,5,3,3,
399,2,14,10,1,3,0.05
400,2,14,10,2,3,
401,2,14,10,3,3,
402,2,14,20,1,3,0.03
403,2,14,20,2,3,
404,2,14,20,3,3,
405,2,14,30,1,3,0.02
406,2,14,30,2,3,
407,2,14,30,3,3,
408,2,21,5,1,3,0.10
409,2,21,5,2,3,
410,2,21,5,3,3,
411,2,21,10,1,3,0.05
412,2,21,10,2,3,
413,2,21,10,3,3,
414,2,21,20,1,3,0.03
415,2,21,20,2,3,
416,2,21,20,3,3,
417,2,21,30,1,3,0.02
418,2,21,30,2,3,
419,2,21,30,3,3,
420,4,1,5,1,3,0.05
421,4,1,5,2,3,0.05
422,4,1,5,3,3,0.05
423,4,1,10,1,3,0.03
424,4,1,10,2,3,0.03
425,4,1,10,3,3,0.03
426,4,1,20,1,3,0.01
427,4,1,20,2,3,0.01
428,4,1,20,3,3,0.01
429,4,1,30,1,3,0.01
430,4,1,30,2,3,0.01
431,4,1,30,3,3,0.01
432,4,3,5,1,3,0.05
433,4,3,5,2,3,0.05
434,4,3,5,3,3,0.05
435,4,3,10,1,3,0.03
436,4,3,10,2,3,0.03
437,4,3,10,3,3,0.03
438,4,3,20,1,3,0.01
439,4,3,20,2,3,0.01
440,4,3,20,3,3,0.01
441,4,3,30,1,3,0.01
442,4,3,30,2,3,0.01
443,4,3,30,3,3,0.01
444,4,7,5,1,3,0.05
445,4,7,5,2,3,0.05
446,4,7,5,3,3,0.05
447,4,7,10,1,3,0.03
448,4,7,10,2,3,0.03
449,4,7,10,3,3,0.03
450,4,7,20,1,3,0.01
451,4,7,20,2,3,0.01
452,4,7,20,3,3,0.01
453,4,7,30,1,3,0.01
454,4,7,30,2,3,0.01
455,4,7,30,3,3,0.01
456,4,14,5,1,3,0.05
457,4,14,5,2,3,0.05
458,4,14,5,3,3,0.05
459,4,14,10,1,3,0.03
460,4,14,10,2,3,0.03
461,4,14,10,3,3,0.03
462,4,14,20,1,3,0.01
463,4,14,20,2,3,0.01
464,4,14,20,3,3,0.01
465,4,14,30,1,3,0.01
466,4,14,30,2,3,0.01
467,4,14,30,3,3,0.01
468,4,21,5,1,3,0.05
469,4,21,5,2,3,0.05
470,4,21,5,3,3,0.05
471,4,21,10,1,3,0.03
472,4,21,10,2,3,0.03
473,4,21,10,3,3,0.03
474,4,21,20,1,3,0.01
475,4,21,20,2,3,0.01
476,4,21,20,3,3,0.01
477,4,21,30,1,3,0.01
478,4,21,30,2,3,0.01
479,4,21,30,3,3,0.01
480,6,1,5,1,3,0.03
481,6,1,5,2,3,0.03
482,6,1,5,3,3,0.03
483,6,1,10,1,3,0.02
484,6,1,10,2,3,0.02
485,6,1,10,3,3,0.02
486,6,1,20,1,3,0.01
487,6,1,20,2,3,0.01
488,6,1,20,3,3,0.01
489,6,1,30,1,3,0.01
490,6,1,30,2,3,0.01
491,6,1,30,3,3,0.01
492,6,3,5,1,3,0.03
493,6,3,5,2,3,0.03
494,6,3,5,3,3,0.03
495,6,3,10,1,3,0.02
496,6,3,10,2,3,0.02
497,6,3,10,3,3,0.02
498,6,3,20,1,3,0.01
499,6,3,20,2,3,0.01
500,6,3,20,3,3,0.01
501,6,3,30,1,3,0.01
502,6,3,30,2,3,0.01
503,6,3,30,3,3,0.01
504,6,7,5,1,3,0.03
505,6,7,5,2,3,0.03
506,6,7,5,3,3,0.03
507,6,7,10,1,3,0.02
508,6,7,10,2,3,0.02
509,6,7,10,3,3,0.02
510,6,7,20,1,3,0.01
511,6,7,20,2,3,0.01
512,6,7,20,3,3,0.01
513,6,7,30,1,3,0.01
514,6,7,30,2,3,0.01
515,6,7,30,3,3,0.01
516,6,14,5,1,3,0.03
517,6,14,5,2,3,0.03
518,6,14,5,3,3,0.03
519,6,14,10,1,3,0.02
520,6,14,10,2,3,0.02
521,6,14,10,3,3,0.02
522,6,14,20,1,3,0.01
523,6,14,20,2,3,0.01
524,6,14,20,3,3,0.01
525,6,14,30,1,3,0.01
526,6,14,30,2,3,0.01
527,6,14,30,3,3,0.01
528,6,21,5,1,3,0.03
529,6,21,5,2,3,0.03
530,6,21,5,3,3,0.03
531,6,21,10,1,3,0.02
532,6,21,10,2,3,0.02
533,6,21,10,3,3,0.02
534,6,21,20,1,3,0.01
535,6,21,20,2,3,0.01
536,6,21,20,3,3,0.01
537,6,21,30,1,3,0.01
538,6,21,30,2,3,0.01
539,6,21,30,3,3,0.01
540,2,1,5,1,4,0.10
541,2,1,5,2,4,
542,2,1,5,3,4,
543,2,1,10,1,4,0.05
544,2,1,10,2,4,
545,2,1,10,3,4,
546,2,1,20,1,4,0.03
547,2,1,20,2,4,
548,2,1,20,3,4,
549,2,1,30,1,4,0.02
550,2,1,30,2,4,
551,2,1,30,3,4,
552,2,3,5,1,4,0.10
553,2,3,5,2,4,
554,2,3,5,3,4,
555,2,3,10,1,4,0.05
556,2,3,10,2,4,
557,2,3,10,3,4,
558,2,3,20,1,4,0.03
559,2,3,20,2,4,
560,2,3,20,3,4,
561,2,3,30,1,4,0.02
562,2,3,30,2,4,
563,2,3,30,3,4,
564,2,7,5,1,4,0.10
565,2,7,5,2,4,
566,2,7,5,3,4,
567,2,7,10,1,4,0.05
568,2,7,10,2,4,
569,2,7,10,3,4,
570,2,7,20,1,4,0.03
571,2,7,20,2,4,
572,2,7,20,3,4,
573,2,7,30,1,4,0.02
574,2,7,30,2,4,
575,2,7,30,3,4,
576,2,14,5,1,4,0.10
577,2,14,5,2,4,
578,2,14,5,3,4,
579,2,14,10,1,4,0.05
580,2,14,10,2,4,
581,2,14,10,3,4,
582,2,14,20,1,4,0.03
583,2,14,20,2,4,
584,2,14,20,3,4,
585,2,14,30,1,4,0.02
586,2,14,30,2,4,
587,2,14,30,3,4,
588,2,21,5,1,4,0.10
589,2,21,5,2,4,
590,2,21,5,3,4,
591,2,21,10,1,4,0.05
592,2,21,10,2,4,
593,2,21,10,3,4,
594,2,21,20,1,4,0.03
595,2,21,20,2,4,
596,2,21,20,3,4,
597,2,21,30,1,4,0.02
598,2,21,30,2,4,
599,2,21,30,3,4,
600,4,1,5,1,4,0.05
601,4,1,5,2,4,0.05
602,4,1,5,3,4,0.05
603,4,1,10,1,4,0.03
604,4,1,10,2,4,0.03
605,4,1,10,3,4,0.03
606,4,1,20,1,4,0.01
607,4,1,20,2,4,0.01
608,4,1,20,3,4,0.01
609,4,1,30,1,4,0.01
610,4,1,30,2,4,0.01
611,4,1,30,3,4,0.01
612,4,3,5,1,4,0.05
613,4,3,5,2,4,0.05
614,4,3,5,3,4,0.05
615,4,3,10,1,4,0.03
616,4,3,10,2,4,0.03
617,4,3,10,3,4,0.03
618,4,3,20,1,4,0.01
619,4,3,20,2,4,0.01
620,4,3,20,3,4,0.01
621,4,3,30,1,4,0.01
622,4,3,30,2,4,0.01
623,4,3,30,3,4,0.01
624,4,7,5,1,4,0.05
625,4,7,5,2,4,0.05
626,4,7,5,3,4,0.05
627,4,7,10,1,4,0.03
628,4,7,10,2,4,0.03
629,4,7,10,3,4,0.03
630,4,7,20,1,4,0.01
631,4,7,20,2,4,0.01
632,4,7,20,3,4,0.01
633,4,7,30,1,4,0.01
634,4,7,30,2,4,0.01
635,4,7,30,3,4,0.02
636,4,14,5,1,4,0.05
637,4,14,5,2,4,0.05
638,4,14,5,3,4,0.05
639,4,14,10,1,4,0.03
640,4,14,10,2,4,0.03
641,4,14,10,3,4,0.03
642,4,14,20,1,4,0.01
643,4,14,20,2,4,0.01
644,4,14,20,3,4,0.01
645,4,14,30,1,4,0.02
646,4,14,30,2,4,0.01
647,4,14,30,3,4,0.01
648,4,21,5,1,4,0.05
649,4,21,5,2,4,0.05
650,4,21,5,3,4,0.05
651,4,21,10,1,4,0.03
652,4,21,10,2,4,0.03
653,4,21,10,3,4,0.03
654,4,21,20,1,4,0.01
655,4,21,20,2,4,0.01
656,4,21,20,3,4,0.01
657,4,21,30,1,4,0.02
658,4,21,30,2,4,0.01
659,4,21,30,3,4,0.01
660,6,1,5,1,4,0.03
661,6,1,5,2,4,0.03
662,6,1,5,3,4,0.03
663,6,1,10,1,4,0.02
664,6,1,10,2,4,0.02
665,6,1,10,3,4,0.02
666,6,1,20,1,4,0.01
667,6,1,20,2,4,0.01
668,6,1,20,3,4,0.01
669,6,1,30,1,4,0.01
670,6,1,30,2,4,0.01
671,6,1,30,3,4,0.01
672,6,3,5,1,4,0.03
673,6,3,5,2,4,0.03
674,6,3,5,3,4,0.03
675,6,3,10,1,4,0.02
676,6,3,10,2,4,0.02
677,6,3,10,3,4,0.02
678,6,3,20,1,4,0.01
679,6,3,20,2,4,0.01
680,6,3,20,3,4,0.01
681,6,3,30,1,4,0.01
682,6,3,30,2,4,0.01
683,6,3,30,3,4,0.01
684,6,7,5,1,4,0.03
685,6,7,5,2,4,0.03
686,6,7,5,3,4,0.03
687,6,7,10,1,4,0.02
688,6,7,10,2,4,0.02
689,6,7,10,3,4,0.02
690,6,7,20,1,4,0.01
691,6,7,20,2,4,0.01
692,6,7,20,3,4,0.01
693,6,7,30,1,4,0.01
694,6,7,30,2,4,0.01
695,6,7,30,3,4,0.01
696,6,14,5,1,4,0.03
697,6,14,5,2,4,0.03
698,6,14,5,3,4,0.03
699,6,14,10,1,4,0.02
700,6,14,10,2,4,0.02
701,6,14,10,3,4,0.02
702,6,14,20,1,4,0.01
703,6,14,20,2,4,0.01
704,6,14,20,3,4,0.01
705,6,14,30,1,4,0.01
706,6,14,30,2,4,0.01
707,6,14,30,3,4,0.01
708,6,21,5,1,4,0.03
709,6,21,5,2,4,0.03
710,6,21,5,3,4,0.03
711,6,21,10,1,4,0.02
712,6,21,10,2,4,0.02
713,6,21,10,3,4,0.02
714,6,21,20,1,4,0.01
715,6,21,20,2,4,0.01
716,6,21,20,3,4,0.01
717,6,21,30,1,4,0.01
718,6,21,30,2,4,0.01
719,6,21,30,3,4,0.01
720,2,1,5,1,5,0.10
721,2,1,5,2,5,
722,2,1,5,3,5,
723,2,1,10,1,5,0.05
724,2,1,10,2,5,
725,2,1,10,3,5,
726,2,1,20,1,5,0.03
727,2,1,20,2,5,
728,2,1,20,3,5,
729,2,1,30,1,5,0.02
730,2,1,30,2,5,
731,2,1,30,3,5,
732,2,3,5,1,5,0.10
733,2,3,5,2,5,
734,2,3,5,3,5,
735,2,3,10,1,5,0.05
736,2,3,10,2,5,
737,2,3,10,3,5,
738,2,3,20,1,5,0.03
739,2,3,20,2,5,
740,2,3,20,3,5,
741,2,3,30,1,5,0.02
742,2,3,30,2,5,
743,2,3,30,3,5,
744,2,7,5,1,5,0.10
745,2,7,5,2,5,
746,2,7,5,3,5,
747,2,7,10,1,5,0.05
748,2,7,10,2,5,
749,2,7,10,3,5,
750,2,7,20,1,5,0.03
751,2,7,20,2,5,
752,2,7,20,3,5,
753,2,7,30,1,5,0.03
754,2,7,30,2,5,
755,2,7,30,3,5,
756,2,14,5,1,5,0.10
757,2,14,5,2,5,
758,2,14,5,3,5,
759,2,14,10,1,5,0.05
760,2,14,10,2,5,
761,2,14,10,3,5,
762,2,14,20,1,5,0.03
763,2,14,20,2,5,
764,2,14,20,3,5,
765,2,14,30,1,5,0.03
766,2,14,30,2,5,
767,2,14,30,3,5,
768,2,21,5,1,5,0.10
769,2,21,5,2,5,
770,2,21,5,3,5,
771,2,21,10,1,5,0.05
772,2,21,10,2,5,
773,2,21,10,3,5,
774,2,21,20,1,5,0.03
775,2,21,20,2,5,
776,2,21,20,3,5,
777,2,21,30,1,5,0.02
778,2,21,30,2,5,
779,2,21,30,3,5,
780,4,1,5,1,5,0.05
781,4,1,5,2,5,0.05
782,4,1,5,3,5,0.05
783,4,1,10,1,5,0.03
784,4,1,10,2,5,0.03
785,4,1,10,3,5,0.03
786,4,1,20,1,5,0.01
787,4,1,20,2,5,0.01
788,4,1,20,3,5,0.01
789,4,1,30,1,5,0.01
790,4,1,30,2,5,0.01
791,4,1,30,3,5,0.01
792,4,3,5,1,5,0.05
793,4,3,5,2,5,0.05
794,4,3,5,3,5,0.05
795,4,3,10,1,5,0.03
796,4,3,10,2,5,0.03
797,4,3,10,3,5,0.03
798,4,3,20,1,5,0.01
799,4,3,20,2,5,0.01
800,4,3,20,3,5,0.01
801,4,3,30,1,5,0.01
802,4,3,30,2,5,0.01
803,4,3,30,3,5,0.01
804,4,7,5,1,5,0.05
805,4,7,5,2,5,0.05
806,4,7,5,3,5,0.05
807,4,7,10,1,5,0.03
808,4,7,10,2,5,0.03
809,4,7,10,3,5,0.03
810,4,7,20,1,5,0.01
811,4,7,20,2,5,0.01
812,4,7,20,3,5,0.01
813,4,7,30,1,5,0.01
814,4,7,30,2,5,0.02
815,4,7,30,3,5,0.02
816,4,14,5,1,5,0.05
817,4,14,5,2,5,0.05
818,4,14,5,3,5,0.05
819,4,14,10,1,5,0.03
820,4,14,10,2,5,0.03
821,4,14,10,3,5,0.03
822,4,14,20,1,5,0.01
823,4,14,20,2,5,0.01
824,4,14,20,3,5,0.01
825,4,14,30,1,5,0.02
826,4,14,30,2,5,0.02
827,4,14,30,3,5,0.02
828,4,21,5,1,5,0.05
829,4,21,5,2,5,0.05
830,4,21,5,3,5,0.05
831,4,21,10,1,5,0.03
832,4,21,10,2,5,0.03
833,4,21,10,3,5,0.03
834,4,21,20,1,5,0.01
835,4,21,20,2,5,0.01
836,4,21,20,3,5,0.01
837,4,21,30,1,5,0.02
838,4,21,30,2,5,0.02
839,4,21,30,3,5,0.02
840,6,1,5,1,5,0.03
841,6,1,5,2,5,0.03
842,6,1,5,3,5,0.03
843,6,1,10,1,5,0.02
844,6,1,10,2,5,0.02
845,6,1,10,3,5,0.02
846,6,1,20,1,5,0.01
847,6,1,20,2,5,0.01
848,6,1,20,3,5,0.01
849,6,1,30,1,5,0.01
850,6,1,30,2,5,0.01
851,6,1,30,3,5,0.01
852,6,3,5,1,5,0.03
853,6,3,5,2,5,0.03
854,6,3,5,3,5,0.03
855,6,3,10,1,5,0.02
856,6,3,10,2,5,0.02
857,6,3,10,3,5,0.02
858,6,3,20,1,5,0.01
859,6,3,20,2,5,0.01
860,6,3,20,3,5,0.01
861,6,3,30,1,5,0.01
862,6,3,30,2,5,0.01
863,6,3,30,3,5,0.01
864,6,7,5,1,5,0.03
865,6,7,5,2,5,0.03
866,6,7,5,3,5,0.03
867,6,7,10,1,5,0.02
868,6,7,10,2,5,0.02
869,6,7,10,3,5,0.02
870,6,7,20,1,5,0.01
871,6,7,20,2,5,0.01
872,6,7,20,3,5,0.01
873,6,7,30,1,5,0.01
874,6,7,30,2,5,0.01
875,6,7,30,3,5,0.01
876,6,14,5,1,5,0.03
877,6,14,5,2,5,0.03
878,6,14,5,3,5,0.03
879,6,14,10,1,5,0.02
880,6,14,10,2,5,0.02
881,6,14,10,3,5,0.02
882,6,14,20,1,5,0.01
883,6,14,20,2,5,0.01
884,6,14,20,3,5,0.01
885,6,14,30,1,5,0.01
886,6,14,30,2,5,0.01
887,6,14,30,3,5,0.01
888,6,21,5,1,5,0.03
889,6,21,5,2,5,0.03
890,6,21,5,3,5,0.03
891,6,21,10,1,5,0.02
892,6,21,10,2,5,0.02
893,6,21,10,3,5,0.02
894,6,21,20,1,5,0.01
895,6,21,20,2,5,0.01
896,6,21,20,3,5,0.01
897,6,21,30,1,5,0.01
898,6,21,30,2,5,0.01
899,6,21,30,3,5,0.01
900,2,1,5,1,6,0.10
901,2,1,5,2,6,
902,2,1,5,3,6,
903,2,1,10,1,6,0.05
904,2,1,10,2,6,
905,2,1,10,3,6,
906,2,1,20,1,6,0.03
907,2,1,20,2,6,
908,2,1,20,3,6,
909,2,1,30,1,6,0.02
910,2,1,30,2,6,
911,2,1,30,3,6,
912,2,3,5,1,6,0.10
913,2,3,5,2,6,
914,2,3,5,3,6,
915,2,3,10,1,6,0.05
916,2,3,10,2,6,
917,2,3,10,3,6,
918,2,3,20,1,6,0.03
919,2,3,20,2,6,
920,2,3,20,3,6,
921,2,3,30,1,6,0.02
922,2,3,30,2,6,
923,2,3,30,3,6,
924,2,7,5,1,6,0.10
925,2,7,5,2,6,
926,2,7,5,3,6,
927,2,7,10,1,6,0.05
928,2,7,10,2,6,
929,2,7,10,3,6,
930,2,7,20,1,6,0.03
931,2,7,20,2,6,
932,2,7,20,3,6,
933,2,7,30,1,6,0.03
934,2,7,30,2,6,
935,2,7,30,3,6,
936,2,14,5,1,6,0.10
937,2,14,5,2,6,
938,2,14,5,3,6,
939,2,14,10,1,6,0.05
940,2,14,10,2,6,
941,2,14,10,3,6,
942,2,14,20,1,6,0.03
943,2,14,20,2,6,
944,2,14,20,3,6,
945,2,14,30,1,6,0.03
946,2,14,30,2,6,
947,2,14,30,3,6,
948,2,21,5,1,6,0.10
949,2,21,5,2,6,
950,2,21,5,3,6,
951,2,21,10,1,6,0.05
952,2,21,10,2,6,
953,2,21,10,3,6,
954,2,21,20,1,6,0.05
955,2,21,20,2,6,
956,2,21,20,3,6,
957,2,21,30,1,6,0.03
958,2,21,30,2,6,
959,2,21,30,3,6,
960,4,1,5,1,6,0.05
961,4,1,5,2,6,0.05
962,4,1,5,3,6,0.05
963,4,1,10,1,6,0.03
964,4,1,10,2,6,0.03
965,4,1,10,3,6,0.03
966,4,1,20,1,6,0.01
967,4,1,20,2,6,0.01
968,4,1,20,3,6,0.01
969,4,1,30,1,6,0.01
970,4,1,30,2,6,0.01
971,4,1,30,3,6,0.01
972,4,3,5,1,6,0.05
973,4,3,5,2,6,0.05
974,4,3,5,3,6,0.05
975,4,3,10,1,6,0.03
976,4,3,10,2,6,0.03
977,4,3,10,3,6,0.03
978,4,3,20,1,6,0.01
979,4,3,20,2,6,0.01
980,4,3,20,3,6,0.01
981,4,3,30,1,6,0.01
982,4,3,30,2,6,0.01
983,4,3,30,3,6,0.01
984,4,7,5,1,6,0.05
985,4,7,5,2,6,0.05
986,4,7,5,3,6,0.05
987,4,7,10,1,6,0.03
988,4,7,10,2,6,0.03
989,4,7,10,3,6,0.03
990,4,7,20,1,6,0.01
991,4,7,20,2,6,0.03
992,4,7,20,3,6,0.01
993,4,7,30,1,6,0.02
994,4,7,30,2,6,0.02
995,4,7,30,3,6,0.02
996,4,14,5,1,6,0.05
997,4,14,5,2,6,0.05
998,4,14,5,3,6,0.05
999,4,14,10,1,6,0.03
1000,4,14,10,2,6,0.03
1001,4,14,10,3,6,0.03
1002,4,14,20,1,6,0.03
1003,4,14,20,2,6,0.01
1004,4,14,20,3,6,0.01
1005,4,14,30,1,6,0.02
1006,4,14,30,2,6,0.02
1007,4,14,30,3,6,0.02
1008,4,21,5,1,6,0.05
1009,4,21,5,2,6,0.05
1010,4,21,5,3,6,0.05
1011,4,21,10,1,6,0.03
1012,4,21,10,2,6,0.03
1013,4,21,10,3,6,0.03
1014,4,21,20,1,6,0.03
1015,4,21,20,2,6,0.01
1016,4,21,20,3,6,0.01
1017,4,21,30,1,6,0.02
1018,4,21,30,2,6,0.02
1019,4,21,30,3,6,0.02
1020,6,1,5,1,6,0.03
1021,6,1,5,2,6,0.03
1022,6,1,5,3,6,0.03
1023,6,1,10,1,6,0.02
1024,6,1,10,2,6,0.02
1025,6,1,10,3,6,0.02
1026,6,1,20,1,6,0.01
1027,6,1,20,2,6,0.01
1028,6,1,20,3,6,0.01
1029,6,1,30,1,6,0.01
1030,6,1,30,2,6,0.01
1031,6,1,30,3,6,0.01
1032,6,3,5,1,6,0.03
1033,6,3,5,2,6,0.03
1034,6,3,5,3,6,0.03
1035,6,3,10,1,6,0.02
1036,6,3,10,2,6,0.02
1037,6,3,10,3,6,0.02
1038,6,3,20,1,6,0.01
1039,6,3,20,2,6,0.01
1040,6,3,20,3,6,0.01
1041,6,3,30,1,6,0.01
1042,6,3,30,2,6,0.01
1043,6,3,30,3,6,0.01
1044,6,7,5,1,6,0.03
1045,6,7,5,2,6,0.03
1046,6,7,5,3,6,0.03
1047,6,7,10,1,6,0.02
1048,6,7,10,2,6,0.02
1049,6,7,10,3,6,0.02
1050,6,7,20,1,6,0.01
1051,6,7,20,2,6,0.02
1052,6,7,20,3,6,0.01
1053,6,7,30,1,6,0.01
1054,6,7,30,2,6,0.01
1055,6,7,30,3,6,0.01
1056,6,14,5,1,6,0.03
1057,6,14,5,2,6,0.03
1058,6,14,5,3,6,0.03
1059,6,14,10,1,6,0.02
1060,6,14,10,2,6,0.02
1061,6,14,10,3,6,0.02
1062,6,14,20,1,6,0.01
1063,6,14,20,2,6,0.01
1064,6,14,20,3,6,0.01
1065,6,14,30,1,6,0.01
1066,6,14,30,2,6,0.01
1067,6,14,30,3,6,0.01
1068,6,21,5,1,6,0.03
1069,6,21,5,2,6,0.03
1070,6,21,5,3,6,0.03
1071,6,21,10,1,6,0.02
1072,6,21,10,2,6,0.02
1073,6,21,10,3,6,0.02
1074,6,21,20,1,6,0.01
1075,6,21,20,2,6,0.01
1076,6,21,20,3,6,0.01
1077,6,21,30,1,6,0.01
1078,6,21,30,2,6,0.01
1079,6,21,30,3,6,0.01
1080,2,1,5,1,7,0.10
1081,2,1,5,2,7,
1082,2,1,5,3,7,
1083,2,1,10,1,7,0.05
1084,2,1,10,2,7,
1085,2,1,10,3,7,
1086,2,1,20,1,7,0.03
1087,2,1,20,2,7,
1088,2,1,20,3,7,
1089,2,1,30,1,7,0.02
1090,2,1,30,2,7,
1091,2,1,30,3,7,
1092,2,3,5,1,7,0.10
1093,2,3,5,2,7,
1094,2,3,5,3,7,
1095,2,3,10,1,7,0.05
1096,2,3,10,2,7,
1097,2,3,10,3,7,
1098,2,3,20,1,7,0.03
1099,2,3,20,2,7,
1100,2,3,20,3,7,
1101,2,3,30,1,7,0.03
1102,2,3,30,2,7,
1103,2,3,30,3,7,
1104,2,7,5,1,7,0.10
1105,2,7,5,2,7,
1106,2,7,5,3,7,
1107,2,7,10,1,7,0.05
1108,2,7,10,2,7,
1109,2,7,10,3,7,
1110,2,7,20,1,7,0.03
1111,2,7,20,2,7,
1112,2,7,20,3,7,
1113,2,7,30,1,7,0.03
1114,2,7,30,2,7,
1115,2,7,30,3,7,
1116,2,14,5,1,7,0.10
1117,2,14,5,2,7,
1118,2,14,5,3,7,
1119,2,14,10,1,7,0.05
1120,2,14,10,2,7,
1121,2,14,10,3,7,
1122,2,14,20,1,7,0.04
1123,2,14,20,2,7,
1124,2,14,20,3,7,
1125,2,14,30,1,7,0.03
1126,2,14,30,2,7,
1127,2,14,30,3,7,
1128,2,21,5,1,7,0.10
1129,2,21,5,2,7,
1130,2,21,5,3,7,
1131,2,21,10,1,7,0.05
1132,2,21,10,2,7,
1133,2,21,10,3,7,
1134,2,21,20,1,7,0.05
1135,2,21,20,2,7,
1136,2,21,20,3,7,
1137,2,21,30,1,7,0.03
1138,2,21,30,2,7,
1139,2,21,30,3,7,
1140,4,1,5,1,7,0.05
1141,4,1,5,2,7,0.05
1142,4,1,5,3,7,0.05
1143,4,1,10,1,7,0.03
1144,4,1,10,2,7,0.03
1145,4,1,10,3,7,0.03
1146,4,1,20,1,7,0.01
1147,4,1,20,2,7,0.01
1148,4,1,20,3,7,0.01
1149,4,1,30,1,7,0.01
1150,4,1,30,2,7,0.01
1151,4,1,30,3,7,0.01
1152,4,3,5,1,7,0.05
1153,4,3,5,2,7,0.05
1154,4,3,5,3,7,0.05
1155,4,3,10,1,7,0.03
1156,4,3,10,2,7,0.03
1157,4,3,10,3,7,0.03
1158,4,3,20,1,7,0.01
1159,4,3,20,2,7,0.01
1160,4,3,20,3,7,0.01
1161,4,3,30,1,7,0.01
1162,4,3,30,2,7,0.01
1163,4,3,30,3,7,0.01
1164,4,7,5,1,7,0.05
1165,4,7,5,2,7,0.05
1166,4,7,5,3,7,0.05
1167,4,7,10,1,7,0.03
1168,4,7,10,2,7,0.03
1169,4,7,10,3,7,0.03
1170,4,7,20,1,7,0.01
1171,4,7,20,2,7,0.03
1172,4,7,20,3,7,0.03
1173,4,7,30,1,7,0.02
1174,4,7,30,2,7,0.02
1175,4,7,30,3,7,0.02
1176,4,14,5,1,7,0.05
1177,4,14,5,2,7,0.05
1178,4,14,5,3,7,0.05
1179,4,14,10,1,7,0.03
1180,4,14,10,2,7,0.03
1181,4,14,10,3,7,0.03
1182,4,14,20,1,7,0.03
1183,4,14,20,2,7,0.01
1184,4,14,20,3,7,0.03
1185,4,14,30,1,7,0.03
1186,4,14,30,2,7,0.02
1187,4,14,30,3,7,0.02
1188,4,21,5,1,7,0.05
1189,4,21,5,2,7,0.05
1190,4,21,5,3,7,0.05
1191,4,21,10,1,7,0.03
1192,4,21,10,2,7,0.03
1193,4,21,10,3,7,0.03
1194,4,21,20,1,7,0.03
1195,4,21,20,2,7,0.01
1196,4,21,20,3,7,0.03
1197,4,21,30,1,7,0.03
1198,4,21,30,2,7,0.02
1199,4,21,30,3,7,0.02
1200,6,1,5,1,7,0.03
1201,6,1,5,2,7,0.03
1202,6,1,5,3,7,0.03
1203,6,1,10,1,7,0.02
1204,6,1,10,2,7,0.02
1205,6,1,10,3,7,0.02
1206,6,1,20,1,7,0.01
1207,6,1,20,2,7,0.01
1208,6,1,20,3,7,0.01
1209,6,1,30,1,7,0.01
1210,6,1,30,2,7,0.01
1211,6,1,30,3,7,0.01
1212,6,3,5,1,7,0.03
1213,6,3,5,2,7,0.03
1214,6,3,5,3,7,0.03
1215,6,3,10,1,7,0.02
1216,6,3,10,2,7,0.02
1217,6,3,10,3,7,0.02
1218,6,3,20,1,7,0.01
1219,6,3,20,2,7,0.01
1220,6,3,20,3,7,0.01
1221,6,3,30,1,7,0.01
1222,6,3,30,2,7,0.01
1223,6,3,30,3,7,0.01
1224,6,7,5,1,7,0.03
1225,6,7,5,2,7,0.03
1226,6,7,5,3,7,0.03
1227,6,7,10,1,7,0.02
1228,6,7,10,2,7,0.02
1229,6,7,10,3,7,0.02
1230,6,7,20,1,7,0.01
1231,6,7,20,2,7,0.02
1232,6,7,20,3,7,0.02
1233,6,7,30,1,7,0.01
1234,6,7,30,2,7,0.01
1235,6,7,30,3,7,0.02
1236,6,14,5,1,7,0.03
1237,6,14,5,2,7,0.03
1238,6,14,5,3,7,0.03
1239,6,14,10,1,7,0.02
1240,6,14,10,2,7,0.02
1241,6,14,10,3,7,0.02
1242,6,14,20,1,7,0.02
1243,6,14,20,2,7,0.02
1244,6,14,20,3,7,0.02
1245,6,14,30,1,7,0.01
1246,6,14,30,2,7,0.01
1247,6,14,30,3,7,0.01
1248,6,21,5,1,7,0.03
1249,6,21,5,2,7,0.03
1250,6,21,5,3,7,0.03
1251,6,21,10,1,7,0.02
1252,6,21,10,2,7,0.02
1253,6,21,10,3,7,0.02
1254,6,21,20,1,7,0.02
1255,6,21,20,2,7,0.02
1256,6,21,20,3,7,0.02
1257,6,21,30,1,7,0.01
1258,6,21,30,2,7,0.01
1259,6,21,30,3,7,0.01
1260,2,1,5,1,8,0.10
1261,2,1,5,2,8,
1262,2,1,5,3,8,
1263,2,1,10,1,8,0.05
1264,2,1,10,2,8,
1265,2,1,10,3,8,
1266,2,1,20,1,8,0.03
1267,2,1,20,2,8,
1268,2,1,20,3,8,
1269,2,1,30,1,8,0.02
1270,2,1,30,2,8,
1271,2,1,30,3,8,
1272,2,3,5,1,8,0.10
1273,2,3,5,2,8,
1274,2,3,5,3,8,
1275,2,3,10,1,8,0.05
1276,2,3,10,2,8,
1277,2,3,10,3,8,
1278,2,3,20,1,8,0.03
1279,2,3,20,2,8,
1280,2,3,20,3,8,
1281,2,3,30,1,8,0.03
1282,2,3,30,2,8,
1283,2,3,30,3,8,
1284,2,7,5,1,8,0.10
1285,2,7,5,2,8,
1286,2,7,5,3,8,
1287,2,7,10,1,8,0.05
1288,2,7,10,2,8,
1289,2,7,10,3,8,
1290,2,7,20,1,8,0.03
1291,2,7,20,2,8,
1292,2,7,20,3,8,
1293,2,7,30,1,8,0.03
1294,2,7,30,2,8,
1295,2,7,30,3,8,
1296,2,14,5,1,8,0.10
1297,2,14,5,2,8,
1298,2,14,5,3,8,
1299,2,14,10,1,8,0.05
1300,2,14,10,2,8,
1301,2,14,10,3,8,
1302,2,14,20,1,8,0.05
1303,2,14,20,2,8,
1304,2,14,20,3,8,
1305,2,14,30,1,8,0.05
1306,2,14,30,2,8,
1307,2,14,30,3,8,
1308,2,21,5,1,8,0.10
1309,2,21,5,2,8,
1310,2,21,5,3,8,
1311,2,21,10,1,8,0.05
1312,2,21,10,2,8,
1313,2,21,10,3,8,
1314,2,21,20,1,8,0.05
1315,2,21,20,2,8,
1316,2,21,20,3,8,
1317,2,21,30,1,8,0.03
1318,2,21,30,2,8,
1319,2,21,30,3,8,
1320,4,1,5,1,8,0.05
1321,4,1,5,2,8,0.05
1322,4,1,5,3,8,0.05
1323,4,1,10,1,8,0.03
1324,4,1,10,2,8,0.03
1325,4,1,10,3,8,0.03
1326,4,1,20,1,8,0.01
1327,4,1,20,2,8,0.01
1328,4,1,20,3,8,0.01
1329,4,1,30,1,8,0.01
1330,4,1,30,2,8,0.01
1331,4,1,30,3,8,0.01
1332,4,3,5,1,8,0.05
1333,4,3,5,2,8,0.05
1334,4,3,5,3,8,0.05
1335,4,3,10,1,8,0.03
1336,4,3,10,2,8,0.03
1337,4,3,10,3,8,0.03
1338,4,3,20,1,8,0.01
1339,4,3,20,2,8,0.01
1340,4,3,20,3,8,0.01
1341,4,3,30,1,8,0.01
1342,4,3,30,2,8,0.01
1343,4,3,30,3,8,0.01
1344,4,7,5,1,8,0.05
1345,4,7,5,2,8,0.05
1346,4,7,5,3,8,0.05
1347,4,7,10,1,8,0.03
1348,4,7,10,2,8,0.03
1349,4,7,10,3,8,0.03
1350,4,7,20,1,8,0.01
1351,4,7,20,2,8,0.03
1352,4,7,20,3,8,0.03
1353,4,7,30,1,8,0.02
1354,4,7,30,2,8,0.02
1355,4,7,30,3,8,0.02
1356,4,14,5,1,8,0.05
1357,4,14,5,2,8,0.05
1358,4,14,5,3,8,0.05
1359,4,14,10,1,8,0.03
1360,4,14,10,2,8,0.03
1361,4,14,10,3,8,0.03
1362,4,14,20,1,8,0.03
1363,4,14,20,2,8,0.02
1364,4,14,20,3,8,0.03
1365,4,14,30,1,8,0.03
1366,4,14,30,2,8,0.03
1367,4,14,30,3,8,0.02
1368,4,21,5,1,8,0.05
1369,4,21,5,2,8,0.05
1370,4,21,5,3,8,0.05
1371,4,21,10,1,8,0.03
1372,4,21,10,2,8,0.03
1373,4,21,10,3,8,0.03
1374,4,21,20,1,8,0.03
1375,4,21,20,2,8,0.03
1376,4,21,20,3,8,0.03
1377,4,21,30,1,8,0.03
1378,4,21,30,2,8,0.02
1379,4,21,30,3,8,0.03
1380,6,1,5,1,8,0.03
1381,6,1,5,2,8,0.03
1382,6,1,5,3,8,0.03
1383,6,1,10,1,8,0.02
1384,6,1,10,2,8,0.02
1385,6,1,10,3,8,0.02
1386,6,1,20,1,8,0.01
1387,6,1,20,2,8,0.01
1388,6,1,20,3,8,0.01
1389,6,1,30,1,8,0.01
1390,6,1,30,2,8,0.01
1391,6,1,30,3,8,0.01
1392,6,3,5,1,8,0.03
1393,6,3,5,2,8,0.03
1394,6,3,5,3,8,0.03
1395,6,3,10,1,8,0.02
1396,6,3,10,2,8,0.02
1397,6,3,10,3,8,0.02
1398,6,3,20,1,8,0.01
1399,6,3,20,2,8,0.01
1400,6,3,20,3,8,0.01
1401,6,3,30,1,8,0.01
1402,6,3,30,2,8,0.01
1403,6,3,30,3,8,0.01
1404,6,7,5,1,8,0.03
1405,6,7,5,2,8,0.03
1406,6,7,5,3,8,0.03
1407,6,7,10,1,8,0.02
1408,6,7,10,2,8,0.02
1409,6,7,10,3,8,0.02
1410,6,7,20,1,8,0.01
1411,6,7,20,2,8,0.02
1412,6,7,20,3,8,0.02
1413,6,7,30,1,8,0.01
1414,6,7,30,2,8,0.01
1415,6,7,30,3,8,0.02
1416,6,14,5,1,8,0.03
1417,6,14,5,2,8,0.03
1418,6,14,5,3,8,0.03
1419,6,14,10,1,8,0.02
1420,6,14,10,2,8,0.02
1421,6,14,10,3,8,0.02
1422,6,14,20,1,8,0.02
1423,6,14,20,2,8,0.02
1424,6,14,20,3,8,0.02
1425,6,14,30,1,8,0.01
1426,6,14,30,2,8,0.01
1427,6,14,30,3,8,0.02
1428,6,21,5,1,8,0.03
1429,6,21,5,2,8,0.03
1430,6,21,5,3,8,0.03
1431,6,21,10,1,8,0.02
1432,6,21,10,2,8,0.02
1433,6,21,10,3,8,0.02
1434,6,21,20,1,8,0.02
1435,6,21,20,2,8,0.02
1436,6,21,20,3,8,0.02
1437,6,21,30,1,8,0.01
1438,6,21,30,2,8,0.01
1439,6,21,30,3,8,0.01
1440,2,1,5,1,9,0.10
1441,2,1,5,2,9,
1442,2,1,5,3,9,
1443,2,1,10,1,9,0.05
1444,2,1,10,2,9,
1445,2,1,10,3,9,
1446,2,1,20,1,9,0.04
1447,2,1,20,2,9,
1448,2,1,20,3,9,
1449,2,1,30,1,9,0.03
1450,2,1,30,2,9,
1451,2,1,30,3,9,
1452,2,3,5,1,9,0.10
1453,2,3,5,2,9,
1454,2,3,5,3,9,
1455,2,3,10,1,9,0.05
1456,2,3,10,2,9,
1457,2,3,10,3,9,
1458,2,3,20,1,9,0.03
1459,2,3,20,2,9,
1460,2,3,20,3,9,
1461,2,3,30,1,9,0.03
1462,2,3,30,2,9,
1463,2,3,30,3,9,
1464,2,7,5,1,9,0.10
1465,2,7,5,2,9,
1466,2,7,5,3,9,
1467,2,7,10,1,9,0.05
1468,2,7,10,2,9,
1469,2,7,10,3,9,
1470,2,7,20,1,9,0.03
1471,2,7,20,2,9,
1472,2,7,20,3,9,
1473,2,7,30,1,9,0.03
1474,2,7,30,2,9,
1475,2,7,30,3,9,
1476,2,14,5,1,9,0.10
1477,2,14,5,2,9,
1478,2,14,5,3,9,
1479,2,14,10,1,9,0.05
1480,2,14,10,2,9,
1481,2,14,10,3,9,
1482,2,14,20,1,9,0.05
1483,2,14,20,2,9,
1484,2,14,20,3,9,
1485,2,14,30,1,9,0.05
1486,2,14,30,2,9,
1487,2,14,30,3,9,
1488,2,21,5,1,9,0.10
1489,2,21,5,2,9,
1490,2,21,5,3,9,
1491,2,21,10,1,9,0.05
1492,2,21,10,2,9,
1493,2,21,10,3,9,
1494,2,21,20,1,9,0.05
1495,2,21,20,2,9,
1496,2,21,20,3,9,
1497,2,21,30,1,9,0.03
1498,2,21,30,2,9,
1499,2,21,30,3,9,
1500,4,1,5,1,9,0.05
1501,4,1,5,2,9,0.05
1502,4,1,5,3,9,0.05
1503,4,1,10,1,9,0.03
1504,4,1,10,2,9,0.03
1505,4,1,10,3,9,0.03
1506,4,1,20,1,9,0.01
1507,4,1,20,2,9,0.01
1508,4,1,20,3,9,0.01
1509,4,1,30,1,9,0.01
1510,4,1,30,2,9,0.01
1511,4,1,30,3,9,0.01
1512,4,3,5,1,9,0.05
1513,4,3,5,2,9,0.05
1514,4,3,5,3,9,0.05
1515,4,3,10,1,9,0.03
1516,4,3,10,2,9,0.03
1517,4,3,10,3,9,0.03
1518,4,3,20,1,9,0.01
1519,4,3,20,2,9,0.01
1520,4,3,20,3,9,0.01
1521,4,3,30,1,9,0.01
1522,4,3,30,2,9,0.01
1523,4,3,30,3,9,0.02
1524,4,7,5,1,9,0.05
1525,4,7,5,2,9,0.05
1526,4,7,5,3,9,0.05
1527,4,7,10,1,9,0.03
1528,4,7,10,2,9,0.03
1529,4,7,10,3,9,0.03
1530,4,7,20,1,9,0.01
1531,4,7,20,2,9,0.03
1532,4,7,20,3,9,0.03
1533,4,7,30,1,9,0.02
1534,4,7,30,2,9,0.02
1535,4,7,30,3,9,0.02
1536,4,14,5,1,9,0.05
1537,4,14,5,2,9,0.05
1538,4,14,5,3,9,0.05
1539,4,14,10,1,9,0.03
1540,4,14,10,2,9,0.03
1541,4,14,10,3,9,0.03
1542,4,14,20,1,9,0.03
1543,4,14,20,2,9,0.03
1544,4,14,20,3,9,0.03
1545,4,14,30,1,9,0.03
1546,4,14,30,2,9,0.03
1547,4,14,30,3,9,0.03
1548,4,21,5,1,9,0.05
1549,4,21,5,2,9,0.05
1550,4,21,5,3,9,0.05
1551,4,21,10,1,9,0.03
1552,4,21,10,2,9,0.03
1553,4,21,10,3,9,0.03
1554,4,21,20,1,9,0.03
1555,4,21,20,2,9,0.03
1556,4,21,20,3,9,0.03
1557,4,21,30,1,9,0.03
1558,4,21,30,2,9,0.03
1559,4,21,30,3,9,0.03
1560,6,1,5,1,9,0.03
1561,6,1,5,2,9,0.03
1562,6,1,5,3,9,0.03
1563,6,1,10,1,9,0.02
1564,6,1,10,2,9,0.02
1565,6,1,10,3,9,0.02
1566,6,1,20,1,9,0.01
1567,6,1,20,2,9,0.01
1568,6,1,20,3,9,0.01
1569,6,1,30,1,9,0.01
1570,6,1,30,2,9,0.01
1571,6,1,30,3,9,0.01
1572,6,3,5,1,9,0.03
1573,6,3,5,2,9,0.03
1574,6,3,5,3,9,0.03
1575,6,3,10,1,9,0.02
1576,6,3,10,2,9,0.02
1577,6,3,10,3,9,0.02
1578,6,3,20,1,9,0.01
1579,6,3,20,2,9,0.01
1580,6,3,20,3,9,0.01
1581,6,3,30,1,9,0.01
1582,6,3,30,2,9,0.01
1583,6,3,30,3,9,0.01
1584,6,7,5,1,9,0.03
1585,6,7,5,2,9,0.03
1586,6,7,5,3,9,0.03
1587,6,7,10,1,9,0.02
1588,6,7,10,2,9,0.02
1589,6,7,10,3,9,0.02
1590,6,7,20,1,9,0.01
1591,6,7,20,2,9,0.02
1592,6,7,20,3,9,0.02
1593,6,7,30,1,9,0.01
1594,6,7,30,2,9,0.01
1595,6,7,30,3,9,0.02
1596,6,14,5,1,9,0.03
1597,6,14,5,2,9,0.03
1598,6,14,5,3,9,0.03
1599,6,14,10,1,9,0.02
1600,6,14,10,2,9,0.02
1601,6,14,10,3,9,0.02
1602,6,14,20,1,9,0.02
1603,6,14,20,2,9,0.02
1604,6,14,20,3,9,0.02
1605,6,14,30,1,9,0.01
1606,6,14,30,2,9,0.02
1607,6,14,30,3,9,0.02
1608,6,21,5,1,9,0.03
1609,6,21,5,2,9,0.03
1610,6,21,5,3,9,0.03
1611,6,21,10,1,9,0.02
1612,6,21,10,2,9,0.02
1613,6,21,10,3,9,0.02
1614,6,21,20,1,9,0.02
1615,6,21,20,2,9,0.02
1616,6,21,20,3,9,0.02
1617,6,21,30,1,9,0.02
1618,6,21,30,2,9,0.01
1619,6,21,30,3,9,0.02
1620,2,1,5,1,10,0.10
1621,2,1,5,2,10,
1622,2,1,5,3,10,
1623,2,1,10,1,10,0.05
1624,2,1,10,2,10,
1625,2,1,10,3,10,
1626,2,1,20,1,10,0.04
1627,2,1,20,2,10,
1628,2,1,20,3,10,
1629,2,1,30,1,10,0.03
1630,2,1,30,2,10,
1631,2,1,30,3,10,
1632,2,3,5,1,10,0.10
1633,2,3,5,2,10,
1634,2,3,5,3,10,
1635,2,3,10,1,10,0.05
1636,2,3,10,2,10,
1637,2,3,10,3,10,
1638,2,3,20,1,10,0.03
1639,2,3,20,2,10,
1640,2,3,20,3,10,
1641,2,3,30,1,10,0.03
1642,2,3,30,2,10,
1643,2,3,30,3,10,
1644,2,7,5,1,10,0.10
1645,2,7,5,2,10,
1646,2,7,5,3,10,
1647,2,7,10,1,10,0.05
1648,2,7,10,2,10,
1649,2,7,10,3,10,
1650,2,7,20,1,10,0.03
1651,2,7,20,2,10,
1652,2,7,20,3,10,
1653,2,7,30,1,10,0.03
1654,2,7,30,2,10,
1655,2,7,30,3,10,
1656,2,14,5,1,10,0.10
1657,2,14,5,2,10,
1658,2,14,5,3,10,
1659,2,14,10,1,10,0.05
1660,2,14,10,2,10,
1661,2,14,10,3,10,
1662,2,14,20,1,10,0.05
1663,2,14,20,2,10,
1664,2,14,20,3,10,
1665,2,14,30,1,10,0.05
1666,2,14,30,2,10,
1667,2,14,30,3,10,
1668,2,21,5,1,10,0.10
1669,2,21,5,2,10,
1670,2,21,5,3,10,
1671,2,21,10,1,10,0.05
1672,2,21,10,2,10,
1673,2,21,10,3,10,
1674,2,21,20,1,10,0.05
1675,2,21,20,2,10,
1676,2,21,20,3,10,
1677,2,21,30,1,10,0.05
1678,2,21,30,2,10,
1679,2,21,30,3,10,
1680,4,1,5,1,10,0.05
1681,4,1,5,2,10,0.05
1682,4,1,5,3,10,0.05
1683,4,1,10,1,10,0.03
1684,4,1,10,2,10,0.03
1685,4,1,10,3,10,0.03
1686,4,1,20,1,10,0.01
1687,4,1,20,2,10,0.01
1688,4,1,20,3,10,0.01
1689,4,1,30,1,10,0.01
1690,4,1,30,2,10,0.01
1691,4,1,30,3,10,0.01
1692,4,3,5,1,10,0.05
1693,4,3,5,2,10,0.05
1694,4,3,5,3,10,0.05
1695,4,3,10,1,10,0.03
1696,4,3,10,2,10,0.03
1697,4,3,10,3,10,0.03
1698,4,3,20,1,10,0.01
1699,4,3,20,2,10,0.01
1700,4,3,20,3,10,0.01
1701,4,3,30,1,10,0.02
1702,4,3,30,2,10,0.02
1703,4,3,30,3,10,0.02
1704,4,7,5,1,10,0.05
1705,4,7,5,2,10,0.05
1706,4,7,5,3,10,0.05
1707,4,7,10,1,10,0.03
1708,4,7,10,2,10,0.03
1709,4,7,10,3,10,0.03
1710,4,7,20,1,10,0.01
1711,4,7,20,2,10,0.03
1712,4,7,20,3,10,0.03
1713,4,7,30,1,10,0.02
1714,4,7,30,2,10,0.02
1715,4,7,30,3,10,0.02
1716,4,14,5,1,10,0.05
1717,4,14,5,2,10,0.05
1718,4,14,5,3,10,0.05
1719,4,14,10,1,10,0.03
1720,4,14,10,2,10,0.03
1721,4,14,10,3,10,0.03
1722,4,14,20,1,10,0.03
1723,4,14,20,2,10,0.03
1724,4,14,20,3,10,0.03
1725,4,14,30,1,10,0.03
1726,4,14,30,2,10,0.03
1727,4,14,30,3,10,0.03
1728,4,21,5,1,10,0.05
1729,4,21,5,2,10,0.05
1730,4,21,5,3,10,0.05
1731,4,21,10,1,10,0.03
1732,4,21,10,2,10,0.03
1733,4,21,10,3,10,0.03
1734,4,21,20,1,10,0.03
1735,4,21,20,2,10,0.03
1736,4,21,20,3,10,0.03
1737,4,21,30,1,10,0.03
1738,4,21,30,2,10,0.03
1739,4,21,30,3,10,0.03
1740,6,1,5,1,10,0.03
1741,6,1,5,2,10,0.03
1742,6,1,5,3,10,0.03
1743,6,1,10,1,10,0.02
1744,6,1,10,2,10,0.02
1745,6,1,10,3,10,0.02
1746,6,1,20,1,10,0.01
1747,6,1,20,2,10,0.01
1748,6,1,20,3,10,0.01
1749,6,1,30,1,10,0.01
1750,6,1,30,2,10,0.01
1751,6,1,30,3,10,0.01
1752,6,3,5,1,10,0.03
1753,6,3,5,2,10,0.03
1754,6,3,5,3,10,0.03
1755,6,3,10,1,10,0.02
1756,6,3,10,2,10,0.02
1757,6,3,10,3,10,0.02
1758,6,3,20,1,10,0.01
1759,6,3,20,2,10,0.01
1760,6,3,20,3,10,0.01
1761,6,3,30,1,10,0.01
1762,6,3,30,2,10,0.01
1763,6,3,30,3,10,0.01
1764,6,7,5,1,10,0.03
1765,6,7,5,2,10,0.03
1766,6,7,5,3,10,0.03
1767,6,7,10,1,10,0.02
1768,6,7,10,2,10,0.02
1769,6,7,10,3,10,0.02
1770,6,7,20,1,10,0.01
1771,6,7,20,2,10,0.02
1772,6,7,20,3,10,0.02
1773,6,7,30,1,10,0.01
1774,6,7,30,2,10,0.01
1775,6,7,30,3,10,0.02
1776,6,14,5,1,10,0.03
1777,6,14,5,2,10,0.03
1778,6,14,5,3,10,0.03
1779,6,14,10,1,10,0.02
1780,6,14,10,2,10,0.02
1781,6,14,10,3,10,0.02
1782,6,14,20,1,10,0.02
1783,6,14,20,2,10,0.02
1784,6,14,20,3,10,0.02
1785,6,14,30,1,10,0.02
1786,6,14,30,2,10,0.02
1787,6,14,30,3,10,0.02
1788,6,21,5,1,10,0.03
1789,6,21,5,2,10,0.03
1790,6,21,5,3,10,0.03
1791,6,21,10,1,10,0.02
1792,6,21,10,2,10,0.02
1793,6,21,10,3,10,0.02
1794,6,21,20,1,10,0.02
1795,6,21,20,2,10,0.02
1796,6,21,20,3,10,0.02
1797,6,21,30,1,10,0.02
1798,6,21,30,2,10,0.02
1799,6,21,30,3,10,0.02
1800,2,1,5,1,11,0.10
1801,2,1,5,2,11,
1802,2,1,5,3,11,
1803,2,1,10,1,11,0.05
1804,2,1,10,2,11,
1805,2,1,10,3,11,
1806,2,1,20,1,11,0.05
1807,2,1,20,2,11,
1808,2,1,20,3,11,
1809,2,1,30,1,11,0.03
1810,2,1,30,2,11,
1811,2,1,30,3,11,
1812,2,3,5,1,11,0.10
1813,2,3,5,2,11,
1814,2,3,5,3,11,
1815,2,3,10,1,11,0.05
1816,2,3,10,2,11,
1817,2,3,10,3,11,
1818,2,3,20,1,11,0.03
1819,2,3,20,2,11,
1820,2,3,20,3,11,
1821,2,3,30,1,11,0.03
1822,2,3,30,2,11,
1823,2,3,30,3,11,
1824,2,7,5,1,11,0.10
1825,2,7,5,2,11,
1826,2,7,5,3,11,
1827,2,7,10,1,11,0.05
1828,2,7,10,2,11,
1829,2,7,10,3,11,
1830,2,7,20,1,11,0.03
1831,2,7,20,2,11,
1832,2,7,20,3,11,
1833,2,7,30,1,11,0.03
1834,2,7,30,2,11,
1835,2,7,30,3,11,
1836,2,14,5,1,11,0.10
1837,2,14,5,2,11,
1838,2,14,5,3,11,
1839,2,14,10,1,11,0.05
1840,2,14,10,2,11,
1841,2,14,10,3,11,
1842,2,14,20,1,11,0.05
1843,2,14,20,2,11,
1844,2,14,20,3,11,
1845,2,14,30,1,11,0.07
1846,2,14,30,2,11,
1847,2,14,30,3,11,
1848,2,21,5,1,11,0.10
1849,2,21,5,2,11,
1850,2,21,5,3,11,
1851,2,21,10,1,11,0.05
1852,2,21,10,2,11,
1853,2,21,10,3,11,
1854,2,21,20,1,11,0.05
1855,2,21,20,2,11,
1856,2,21,20,3,11,
1857,2,21,30,1,11,0.05
1858,2,21,30,2,11,
1859,2,21,30,3,11,
1860,4,1,5,1,11,0.05
1861,4,1,5,2,11,0.05
1862,4,1,5,3,11,0.05
1863,4,1,10,1,11,0.03
1864,4,1,10,2,11,0.03
1865,4,1,10,3,11,0.03
1866,4,1,20,1,11,0.01
1867,4,1,20,2,11,0.01
1868,4,1,20,3,11,0.01
1869,4,1,30,1,11,0.01
1870,4,1,30,2,11,0.02
1871,4,1,30,3,11,0.02
1872,4,3,5,1,11,0.05
1873,4,3,5,2,11,0.05
1874,4,3,5,3,11,0.05
1875,4,3,10,1,11,0.03
1876,4,3,10,2,11,0.03
1877,4,3,10,3,11,0.03
1878,4,3,20,1,11,0.01
1879,4,3,20,2,11,0.01
1880,4,3,20,3,11,0.01
1881,4,3,30,1,11,0.02
1882,4,3,30,2,11,0.02
1883,4,3,30,3,11,0.02
1884,4,7,5,1,11,0.05
1885,4,7,5,2,11,0.05
1886,4,7,5,3,11,0.05
1887,4,7,10,1,11,0.03
1888,4,7,10,2,11,0.03
1889,4,7,10,3,11,0.03
1890,4,7,20,1,11,0.01
1891,4,7,20,2,11,0.03
1892,4,7,20,3,11,0.03
1893,4,7,30,1,11,0.02
1894,4,7,30,2,11,0.02
1895,4,7,30,3,11,0.02
1896,4,14,5,1,11,0.05
1897,4,14,5,2,11,0.05
1898,4,14,5,3,11,0.05
1899,4,14,10,1,11,0.05
1900,4,14,10,2,11,0.03
1901,4,14,10,3,11,0.03
1902,4,14,20,1,11,0.03
1903,4,14,20,2,11,0.03
1904,4,14,20,3,11,0.03
1905,4,14,30,1,11,0.03
1906,4,14,30,2,11,0.03
1907,4,14,30,3,11,0.03
1908,4,21,5,1,11,0.05
1909,4,21,5,2,11,0.05
1910,4,21,5,3,11,0.05
1911,4,21,10,1,11,0.03
1912,4,21,10,2,11,0.05
1913,4,21,10,3,11,0.03
1914,4,21,20,1,11,0.03
1915,4,21,20,2,11,0.03
1916,4,21,20,3,11,0.03
1917,4,21,30,1,11,0.03
1918,4,21,30,2,11,0.03
1919,4,21,30,3,11,0.03
1920,6,1,5,1,11,0.03
1921,6,1,5,2,11,0.03
1922,6,1,5,3,11,0.03
1923,6,1,10,1,11,0.02
1924,6,1,10,2,11,0.02
1925,6,1,10,3,11,0.02
1926,6,1,20,1,11,0.01
1927,6,1,20,2,11,0.01
1928,6,1,20,3,11,0.01
1929,6,1,30,1,11,0.01
1930,6,1,30,2,11,0.01
1931,6,1,30,3,11,0.01
1932,6,3,5,1,11,0.03
1933,6,3,5,2,11,0.03
1934,6,3,5,3,11,0.03
1935,6,3,10,1,11,0.02
1936,6,3,10,2,11,0.02
1937,6,3,10,3,11,0.02
1938,6,3,20,1,11,0.01
1939,6,3,20,2,11,0.01
1940,6,3,20,3,11,0.01
1941,6,3,30,1,11,0.01
1942,6,3,30,2,11,0.01
1943,6,3,30,3,11,0.01
1944,6,7,5,1,11,0.03
1945,6,7,5,2,11,0.03
1946,6,7,5,3,11,0.03
1947,6,7,10,1,11,0.02
1948,6,7,10,2,11,0.02
1949,6,7,10,3,11,0.02
1950,6,7,20,1,11,0.01
1951,6,7,20,2,11,0.02
1952,6,7,20,3,11,0.02
1953,6,7,30,1,11,0.01
1954,6,7,30,2,11,0.01
1955,6,7,30,3,11,0.02
1956,6,14,5,1,11,0.03
1957,6,14,5,2,11,0.03
1958,6,14,5,3,11,0.03
1959,6,14,10,1,11,0.02
1960,6,14,10,2,11,0.02
1961,6,14,10,3,11,0.02
1962,6,14,20,1,11,0.02
1963,6,14,20,2,11,0.03
1964,6,14,20,3,11,0.02
1965,6,14,30,1,11,0.02
1966,6,14,30,2,11,0.02
1967,6,14,30,3,11,0.02
1968,6,21,5,1,11,0.03
1969,6,21,5,2,11,0.03
1970,6,21,5,3,11,0.03
1971,6,21,10,1,11,0.02
1972,6,21,10,2,11,0.02
1973,6,21,10,3,11,0.02
1974,6,21,20,1,11,0.03
1975,6,21,20,2,11,0.02
1976,6,21,20,3,11,0.02
1977,6,21,30,1,11,0.02
1978,6,21,30,2,11,0.02
1979,6,21,30,3,11,0.02
1980,2,1,5,1,12,0.10
1981,2,1,5,2,12,
1982,2,1,5,3,12,
1983,2,1,10,1,12,0.05
1984,2,1,10,2,12,
1985,2,1,10,3,12,
1986,2,1,20,1,12,0.05
1987,2,1,20,2,12,
1988,2,1,20,3,12,
1989,2,1,30,1,12,0.03
1990,2,1,30,2,12,
1991,2,1,30,3,12,
1992,2,3,5,1,12,0.10
1993,2,3,5,2,12,
1994,2,3,5,3,12,
1995,2,3,10,1,12,0.05
1996,2,3,10,2,12,
1997,2,3,10,3,12,
1998,2,3,20,1,12,0.03
1999,2,3,20,2,12,
2000,2,3,20,3,12,
2001,2,3,30,1,12,0.03
2002,2,3,30,2,12,
2003,2,3,30,3,12,
2004,2,7,5,1,12,0.10
2005,2,7,5,2,12,
2006,2,7,5,3,12,
2007,2,7,10,1,12,0.05
2008,2,7,10,2,12,
2009,2,7,10,3,12,
2010,2,7,20,1,12,0.03
2011,2,7,20,2,12,
2012,2,7,20,3,12,
2013,2,7,30,1,12,0.03
2014,2,7,30,2,12,
2015,2,7,30,3,12,
2016,2,14,5,1,12,0.10
2017,2,14,5,2,12,
2018,2,14,5,3,12,
2019,2,14,10,1,12,0.10
2020,2,14,10,2,12,
2021,2,14,10,3,12,
2022,2,14,20,1,12,0.05
2023,2,14,20,2,12,
2024,2,14,20,3,12,
2025,2,14,30,1,12,0.07
2026,2,14,30,2,12,
2027,2,14,30,3,12,
2028,2,21,5,1,12,0.10
2029,2,21,5,2,12,
2030,2,21,5,3,12,
2031,2,21,10,1,12,0.05
2032,2,21,10,2,12,
2033,2,21,10,3,12,
2034,2,21,20,1,12,0.07
2035,2,21,20,2,12,
2036,2,21,20,3,12,
2037,2,21,30,1,12,0.07
2038,2,21,30,2,12,
2039,2,21,30,3,12,
2040,4,1,5,1,12,0.05
2041,4,1,5,2,12,0.05
2042,4,1,5,3,12,0.05
2043,4,1,10,1,12,0.03
2044,4,1,10,2,12,0.03
2045,4,1,10,3,12,0.03
2046,4,1,20,1,12,0.01
2047,4,1,20,2,12,0.01
2048,4,1,20,3,12,0.01
2049,4,1,30,1,12,0.01
2050,4,1,30,2,12,0.02
2051,4,1,30,3,12,0.02
2052,4,3,5,1,12,0.05
2053,4,3,5,2,12,0.05
2054,4,3,5,3,12,0.05
2055,4,3,10,1,12,0.03
2056,4,3,10,2,12,0.03
2057,4,3,10,3,12,0.03
2058,4,3,20,1,12,0.01
2059,4,3,20,2,12,0.01
2060,4,3,20,3,12,0.01
2061,4,3,30,1,12,0.02
2062,4,3,30,2,12,0.02
2063,4,3,30,3,12,0.02
2064,4,7,5,1,12,0.05
2065,4,7,5,2,12,0.05
2066,4,7,5,3,12,0.05
2067,4,7,10,1,12,0.03
2068,4,7,10,2,12,0.03
2069,4,7,10,3,12,0.03
2070,4,7,20,1,12,0.01
2071,4,7,20,2,12,0.03
2072,4,7,20,3,12,0.03
2073,4,7,30,1,12,0.02
2074,4,7,30,2,12,0.02
2075,4,7,30,3,12,0.02
2076,4,14,5,1,12,0.05
2077,4,14,5,2,12,0.05
2078,4,14,5,3,12,0.05
2079,4,14,10,1,12,0.05
2080,4,14,10,2,12,0.03
2081,4,14,10,3,12,0.05
2082,4,14,20,1,12,0.04
2083,4,14,20,2,12,0.03
2084,4,14,20,3,12,0.03
2085,4,14,30,1,12,0.04
2086,4,14,30,2,12,0.03
2087,4,14,30,3,12,0.03
2088,4,21,5,1,12,0.05
2089,4,21,5,2,12,0.05
2090,4,21,5,3,12,0.05
2091,4,21,10,1,12,0.03
2092,4,21,10,2,12,0.05
2093,4,21,10,3,12,0.03
2094,4,21,20,1,12,0.03
2095,4,21,20,2,12,0.04
2096,4,21,20,3,12,0.04
2097,4,21,30,1,12,0.04
2098,4,21,30,2,12,0.03
2099,4,21,30,3,12,0.04
2100,6,1,5,1,12,0.03
2101,6,1,5,2,12,0.03
2102,6,1,5,3,12,0.03
2103,6,1,10,1,12,0.02
2104,6,1,10,2,12,0.02
2105,6,1,10,3,12,0.02
2106,6,1,20,1,12,0.01
2107,6,1,20,2,12,0.01
2108,6,1,20,3,12,0.01
2109,6,1,30,1,12,0.01
2110,6,1,30,2,12,0.01
2111,6,1,30,3,12,0.01
2112,6,3,5,1,12,0.03
2113,6,3,5,2,12,0.03
2114,6,3,5,3,12,0.03
2115,6,3,10,1,12,0.02
2116,6,3,10,2,12,0.02
2117,6,3,10,3,12,0.02
2118,6,3,20,1,12,0.01
2119,6,3,20,2,12,0.01
2120,6,3,20,3,12,0.01
2121,6,3,30,1,12,0.01
2122,6,3,30,2,12,0.01
2123,6,3,30,3,12,0.01
2124,6,7,5,1,12,0.03
2125,6,7,5,2,12,0.03
2126,6,7,5,3,12,0.03
2127,6,7,10,1,12,0.02
2128,6,7,10,2,12,0.02
2129,6,7,10,3,12,0.02
2130,6,7,20,1,12,0.01
2131,6,7,20,2,12,0.02
2132,6,7,20,3,12,0.02
2133,6,7,30,1,12,0.01
2134,6,7,30,2,12,0.01
2135,6,7,30,3,12,0.02
2136,6,14,5,1,12,0.03
2137,6,14,5,2,12,0.03
2138,6,14,5,3,12,0.03
2139,6,14,10,1,12,0.02
2140,6,14,10,2,12,0.02
2141,6,14,10,3,12,0.03
2142,6,14,20,1,12,0.03
2143,6,14,20,2,12,0.03
2144,6,14,20,3,12,0.02
2145,6,14,30,1,12,0.02
2146,6,14,30,2,12,0.02
2147,6,14,30,3,12,0.02
2148,6,21,5,1,12,0.03
2149,6,21,5,2,12,0.03
2150,6,21,5,3,12,0.03
2151,6,21,10,1,12,0.03
2152,6,21,10,2,12,0.02
2153,6,21,10,3,12,0.02
2154,6,21,20,1,12,0.03
2155,6,21,20,2,12,0.03
2156,6,21,20,3,12,0.03
2157,6,21,30,1,12,0.02
2158,6,21,30,2,12,0.02
2159,6,21,30,3,12,0.02
2160,2,1,5,1,13,0.10
2161,2,1,5,2,13,
2162,2,1,5,3,13,
2163,2,1,10,1,13,0.05
2164,2,1,10,2,13,
2165,2,1,10,3,13,
2166,2,1,20,1,13,0.05
2167,2,1,20,2,13,
2168,2,1,20,3,13,
2169,2,1,30,1,13,0.03
2170,2,1,30,2,13,
2171,2,1,30,3,13,
2172,2,3,5,1,13,0.10
2173,2,3,5,2,13,
2174,2,3,5,3,13,
2175,2,3,10,1,13,0.05
2176,2,3,10,2,13,
2177,2,3,10,3,13,
2178,2,3,20,1,13,0.05
2179,2,3,20,2,13,
2180,2,3,20,3,13,
2181,2,3,30,1,13,0.03
2182,2,3,30,2,13,
2183,2,3,30,3,13,
2184,2,7,5,1,13,0.10
2185,2,7,5,2,13,
2186,2,7,5,3,13,
2187,2,7,10,1,13,0.05
2188,2,7,10,2,13,
2189,2,7,10,3,13,
2190,2,7,20,1,13,0.03
2191,2,7,20,2,13,
2192,2,7,20,3,13,
2193,2,7,30,1,13,0.03
2194,2,7,30,2,13,
2195,2,7,30,3,13,
2196,2,14,5,1,13,0.10
2197,2,14,5,2,13,
2198,2,14,5,3,13,
2199,2,14,10,1,13,0.10
2200,2,14,10,2,13,
2201,2,14,10,3,13,
2202,2,14,20,1,13,0.07
2203,2,14,20,2,13,
2204,2,14,20,3,13,
2205,2,14,30,1,13,0.07
2206,2,14,30,2,13,
2207,2,14,30,3,13,
2208,2,21,5,1,13,0.10
2209,2,21,5,2,13,
2210,2,21,5,3,13,
2211,2,21,10,1,13,0.08
2212,2,21,10,2,13,
2213,2,21,10,3,13,
2214,2,21,20,1,13,0.07
2215,2,21,20,2,13,
2216,2,21,20,3,13,
2217,2,21,30,1,13,0.07
2218,2,21,30,2,13,
2219,2,21,30,3,13,
2220,4,1,5,1,13,0.05
2221,4,1,5,2,13,0.05
2222,4,1,5,3,13,0.05
2223,4,1,10,1,13,0.03
2224,4,1,10,2,13,0.03
2225,4,1,10,3,13,0.03
2226,4,1,20,1,13,0.01
2227,4,1,20,2,13,0.01
2228,4,1,20,3,13,0.01
2229,4,1,30,1,13,0.02
2230,4,1,30,2,13,0.02
2231,4,1,30,3,13,0.02
2232,4,3,5,1,13,0.05
2233,4,3,5,2,13,0.05
2234,4,3,5,3,13,0.05
2235,4,3,10,1,13,0.03
2236,4,3,10,2,13,0.03
2237,4,3,10,3,13,0.03
2238,4,3,20,1,13,0.01
2239,4,3,20,2,13,0.01
2240,4,3,20,3,13,0.01
2241,4,3,30,1,13,0.02
2242,4,3,30,2,13,0.02
2243,4,3,30,3,13,0.02
2244,4,7,5,1,13,0.05
2245,4,7,5,2,13,0.05
2246,4,7,5,3,13,0.05
2247,4,7,10,1,13,0.03
2248,4,7,10,2,13,0.03
2249,4,7,10,3,13,0.03
2250,4,7,20,1,13,0.01
2251,4,7,20,2,13,0.03
2252,4,7,20,3,13,0.03
2253,4,7,30,1,13,0.02
2254,4,7,30,2,13,0.02
2255,4,7,30,3,13,0.02
2256,4,14,5,1,13,0.05
2257,4,14,5,2,13,0.05
2258,4,14,5,3,13,0.05
2259,4,14,10,1,13,0.05
2260,4,14,10,2,13,0.03
2261,4,14,10,3,13,0.05
2262,4,14,20,1,13,0.04
2263,4,14,20,2,13,0.04
2264,4,14,20,3,13,0.04
2265,4,14,30,1,13,0.05
2266,4,14,30,2,13,0.04
2267,4,14,30,3,13,0.04
2268,4,21,5,1,13,0.05
2269,4,21,5,2,13,0.05
2270,4,21,5,3,13,0.05
2271,4,21,10,1,13,0.03
2272,4,21,10,2,13,0.05
2273,4,21,10,3,13,0.03
2274,4,21,20,1,13,0.04
2275,4,21,20,2,13,0.04
2276,4,21,20,3,13,0.04
2277,4,21,30,1,13,0.05
2278,4,21,30,2,13,0.04
2279,4,21,30,3,13,0.04
2280,6,1,5,1,13,0.03
2281,6,1,5,2,13,0.03
2282,6,1,5,3,13,0.03
2283,6,1,10,1,13,0.02
2284,6,1,10,2,13,0.02
2285,6,1,10,3,13,0.02
2286,6,1,20,1,13,0.01
2287,6,1,20,2,13,0.01
2288,6,1,20,3,13,0.01
2289,6,1,30,1,13,0.01
2290,6,1,30,2,13,0.01
2291,6,1,30,3,13,0.01
2292,6,3,5,1,13,0.03
2293,6,3,5,2,13,0.03
2294,6,3,5,3,13,0.03
2295,6,3,10,1,13,0.02
2296,6,3,10,2,13,0.02
2297,6,3,10,3,13,0.02
2298,6,3,20,1,13,0.01
2299,6,3,20,2,13,0.01
2300,6,3,20,3,13,0.01
2301,6,3,30,1,13,0.01
2302,6,3,30,2,13,0.01
2303,6,3,30,3,13,0.01
2304,6,7,5,1,13,0.03
2305,6,7,5,2,13,0.03
2306,6,7,5,3,13,0.03
2307,6,7,10,1,13,0.02
2308,6,7,10,2,13,0.02
2309,6,7,10,3,13,0.02
2310,6,7,20,1,13,0.01
2311,6,7,20,2,13,0.02
2312,6,7,20,3,13,0.02
2313,6,7,30,1,13,0.01
2314,6,7,30,2,13,0.01
2315,6,7,30,3,13,0.02
2316,6,14,5,1,13,0.03
2317,6,14,5,2,13,0.03
2318,6,14,5,3,13,0.03
2319,6,14,10,1,13,0.03
2320,6,14,10,2,13,0.02
2321,6,14,10,3,13,0.03
2322,6,14,20,1,13,0.03
2323,6,14,20,2,13,0.03
2324,6,14,20,3,13,0.03
2325,6,14,30,1,13,0.03
2326,6,14,30,2,13,0.03
2327,6,14,30,3,13,0.03
2328,6,21,5,1,13,0.03
2329,6,21,5,2,13,0.03
2330,6,21,5,3,13,0.03
2331,6,21,10,1,13,0.03
2332,6,21,10,2,13,0.03
2333,6,21,10,3,13,0.02
2334,6,21,20,1,13,0.03
2335,6,21,20,2,13,0.03
2336,6,21,20,3,13,0.03
2337,6,21,30,1,13,0.03
2338,6,21,30,2,13,0.02
2339,6,21,30,3,13,0.02
2340,2,1,5,1,14,0.10
2341,2,1,5,2,14,
2342,2,1,5,3,14,
2343,2,1,10,1,14,0.05
2344,2,1,10,2,14,
2345,2,1,10,3,14,
2346,2,1,20,1,14,0.05
2347,2,1,20,2,14,
2348,2,1,20,3,14,
2349,2,1,30,1,14,0.03
2350,2,1,30,2,14,
2351,2,1,30,3,14,
2352,2,3,5,1,14,0.10
2353,2,3,5,2,14,
2354,2,3,5,3,14,
2355,2,3,10,1,14,0.05
2356,2,3,10,2,14,
2357,2,3,10,3,14,
2358,2,3,20,1,14,0.05
2359,2,3,20,2,14,
2360,2,3,20,3,14,
2361,2,3,30,1,14,0.05
2362,2,3,30,2,14,
2363,2,3,30,3,14,
2364,2,7,5,1,14,0.10
2365,2,7,5,2,14,
2366,2,7,5,3,14,
2367,2,7,10,1,14,0.05
2368,2,7,10,2,14,
2369,2,7,10,3,14,
2370,2,7,20,1,14,0.03
2371,2,7,20,2,14,
2372,2,7,20,3,14,
2373,2,7,30,1,14,0.03
2374,2,7,30,2,14,
2375,2,7,30,3,14,
2376,2,14,5,1,14,0.10
2377,2,14,5,2,14,
2378,2,14,5,3,14,
2379,2,14,10,1,14,0.10
2380,2,14,10,2,14,
2381,2,14,10,3,14,
2382,2,14,20,1,14,0.07
2383,2,14,20,2,14,
2384,2,14,20,3,14,
2385,2,14,30,1,14,0.08
2386,2,14,30,2,14,
2387,2,14,30,3,14,
2388,2,21,5,1,14,0.10
2389,2,21,5,2,14,
2390,2,21,5,3,14,
2391,2,21,10,1,14,0.10
2392,2,21,10,2,14,
2393,2,21,10,3,14,
2394,2,21,20,1,14,0.07
2395,2,21,20,2,14,
2396,2,21,20,3,14,
2397,2,21,30,1,14,0.08
2398,2,21,30,2,14,
2399,2,21,30,3,14,
2400,4,1,5,1,14,0.05
2401,4,1,5,2,14,0.05
2402,4,1,5,3,14,0.05
2403,4,1,10,1,14,0.03
2404,4,1,10,2,14,0.03
2405,4,1,10,3,14,0.03
2406,4,1,20,1,14,0.01
2407,4,1,20,2,14,0.01
2408,4,1,20,3,14,0.01
2409,4,1,30,1,14,0.02
2410,4,1,30,2,14,0.02
2411,4,1,30,3,14,0.02
2412,4,3,5,1,14,0.05
2413,4,3,5,2,14,0.05
2414,4,3,5,3,14,0.05
2415,4,3,10,1,14,0.03
2416,4,3,10,2,14,0.03
2417,4,3,10,3,14,0.03
2418,4,3,20,1,14,0.01
2419,4,3,20,2,14,0.03
2420,4,3,20,3,14,0.01
2421,4,3,30,1,14,0.02
2422,4,3,30,2,14,0.02
2423,4,3,30,3,14,0.02
2424,4,7,5,1,14,0.05
2425,4,7,5,2,14,0.05
2426,4,7,5,3,14,0.05
2427,4,7,10,1,14,0.03
2428,4,7,10,2,14,0.03
2429,4,7,10,3,14,0.03
2430,4,7,20,1,14,0.01
2431,4,7,20,2,14,0.03
2432,4,7,20,3,14,0.03
2433,4,7,30,1,14,0.02
2434,4,7,30,2,14,0.02
2435,4,7,30,3,14,0.02
2436,4,14,5,1,14,0.05
2437,4,14,5,2,14,0.05
2438,4,14,5,3,14,0.05
2439,4,14,10,1,14,0.05
2440,4,14,10,2,14,0.03
2441,4,14,10,3,14,0.05
2442,4,14,20,1,14,0.04
2443,4,14,20,2,14,0.04
2444,4,14,20,3,14,0.04
2445,4,14,30,1,14,0.06
2446,4,14,30,2,14,0.05
2447,4,14,30,3,14,0.04
2448,4,21,5,1,14,0.05
2449,4,21,5,2,14,0.05
2450,4,21,5,3,14,0.05
2451,4,21,10,1,14,0.03
2452,4,21,10,2,14,0.05
2453,4,21,10,3,14,0.04
2454,4,21,20,1,14,0.04
2455,4,21,20,2,14,0.04
2456,4,21,20,3,14,0.04
2457,4,21,30,1,14,0.05
2458,4,21,30,2,14,0.04
2459,4,21,30,3,14,0.04
2460,6,1,5,1,14,0.03
2461,6,1,5,2,14,0.03
2462,6,1,5,3,14,0.03
2463,6,1,10,1,14,0.02
2464,6,1,10,2,14,0.02
2465,6,1,10,3,14,0.02
2466,6,1,20,1,14,0.01
2467,6,1,20,2,14,0.01
2468,6,1,20,3,14,0.01
2469,6,1,30,1,14,0.01
2470,6,1,30,2,14,0.01
2471,6,1,30,3,14,0.01
2472,6,3,5,1,14,0.03
2473,6,3,5,2,14,0.03
2474,6,3,5,3,14,0.03
2475,6,3,10,1,14,0.02
2476,6,3,10,2,14,0.02
2477,6,3,10,3,14,0.02
2478,6,3,20,1,14,0.01
2479,6,3,20,2,14,0.01
2480,6,3,20,3,14,0.01
2481,6,3,30,1,14,0.01
2482,6,3,30,2,14,0.01
2483,6,3,30,3,14,0.01
2484,6,7,5,1,14,0.03
2485,6,7,5,2,14,0.03
2486,6,7,5,3,14,0.03
2487,6,7,10,1,14,0.02
2488,6,7,10,2,14,0.02
2489,6,7,10,3,14,0.02
2490,6,7,20,1,14,0.01
2491,6,7,20,2,14,0.02
2492,6,7,20,3,14,0.02
2493,6,7,30,1,14,0.01
2494,6,7,30,2,14,0.01
2495,6,7,30,3,14,0.02
2496,6,14,5,1,14,0.03
2497,6,14,5,2,14,0.03
2498,6,14,5,3,14,0.03
2499,6,14,10,1,14,0.03
2500,6,14,10,2,14,0.03
2501,6,14,10,3,14,0.03
2502,6,14,20,1,14,0.03
2503,6,14,20,2,14,0.03
2504,6,14,20,3,14,0.03
2505,6,14,30,1,14,0.03
2506,6,14,30,2,14,0.03
2507,6,14,30,3,14,0.03
2508,6,21,5,1,14,0.03
2509,6,21,5,2,14,0.03
2510,6,21,5,3,14,0.03
2511,6,21,10,1,14,0.03
2512,6,21,10,2,14,0.03
2513,6,21,10,3,14,0.02
2514,6,21,20,1,14,0.03
2515,6,21,20,2,14,0.03
2516,6,21,20,3,14,0.03
2517,6,21,30,1,14,0.03
2518,6,21,30,2,14,0.02
2519,6,21,30,3,14,0.03
2520,2,1,5,1,15,0.10
2521,2,1,5,2,15,
2522,2,1,5,3,15,
2523,2,1,10,1,15,0.05
2524,2,1,10,2,15,
2525,2,1,10,3,15,
2526,2,1,20,1,15,0.05
2527,2,1,20,2,15,
2528,2,1,20,3,15,
2529,2,1,30,1,15,0.03
2530,2,1,30,2,15,
2531,2,1,30,3,15,
2532,2,3,5,1,15,0.10
2533,2,3,5,2,15,
2534,2,3,5,3,15,
2535,2,3,10,1,15,0.05
2536,2,3,10,2,15,
2537,2,3,10,3,15,
2538,2,3,20,1,15,0.05
2539,2,3,20,2,15,
2540,2,3,20,3,15,
2541,2,3,30,1,15,0.06
2542,2,3,30,2,15,
2543,2,3,30,3,15,
2544,2,7,5,1,15,0.10
2545,2,7,5,2,15,
2546,2,7,5,3,15,
2547,2,7,10,1,15,0.05
2548,2,7,10,2,15,
2549,2,7,10,3,15,
2550,2,7,20,1,15,0.04
2551,2,7,20,2,15,
2552,2,7,20,3,15,
2553,2,7,30,1,15,0.03
2554,2,7,30,2,15,
2555,2,7,30,3,15,
2556,2,14,5,1,15,0.10
2557,2,14,5,2,15,
2558,2,14,5,3,15,
2559,2,14,10,1,15,0.10
2560,2,14,10,2,15,
2561,2,14,10,3,15,
2562,2,14,20,1,15,0.07
2563,2,14,20,2,15,
2564,2,14,20,3,15,
2565,2,14,30,1,15,0.08
2566,2,14,30,2,15,
2567,2,14,30,3,15,
2568,2,21,5,1,15,0.10
2569,2,21,5,2,15,
2570,2,21,5,3,15,
2571,2,21,10,1,15,0.10
2572,2,21,10,2,15,
2573,2,21,10,3,15,
2574,2,21,20,1,15,0.07
2575,2,21,20,2,15,
2576,2,21,20,3,15,
2577,2,21,30,1,15,0.09
2578,2,21,30,2,15,
2579,2,21,30,3,15,
2580,4,1,5,1,15,0.05
2581,4,1,5,2,15,0.05
2582,4,1,5,3,15,0.05
2583,4,1,10,1,15,0.03
2584,4,1,10,2,15,0.03
2585,4,1,10,3,15,0.03
2586,4,1,20,1,15,0.01
2587,4,1,20,2,15,0.01
2588,4,1,20,3,15,0.01
2589,4,1,30,1,15,0.02
2590,4,1,30,2,15,0.02
2591,4,1,30,3,15,0.02
2592,4,3,5,1,15,0.05
2593,4,3,5,2,15,0.05
2594,4,3,5,3,15,0.05
2595,4,3,10,1,15,0.03
2596,4,3,10,2,15,0.03
2597,4,3,10,3,15,0.03
2598,4,3,20,1,15,0.01
2599,4,3,20,2,15,0.03
2600,4,3,20,3,15,0.03
2601,4,3,30,1,15,0.02
2602,4,3,30,2,15,0.02
2603,4,3,30,3,15,0.02
2604,4,7,5,1,15,0.05
2605,4,7,5,2,15,0.05
2606,4,7,5,3,15,0.05
2607,4,7,10,1,15,0.03
2608,4,7,10,2,15,0.03
2609,4,7,10,3,15,0.03
2610,4,7,20,1,15,0.03
2611,4,7,20,2,15,0.03
2612,4,7,20,3,15,0.03
2613,4,7,30,1,15,0.02
2614,4,7,30,2,15,0.02
2615,4,7,30,3,15,0.03
2616,4,14,5,1,15,0.05
2617,4,14,5,2,15,0.05
2618,4,14,5,3,15,0.05
2619,4,14,10,1,15,0.05
2620,4,14,10,2,15,0.03
2621,4,14,10,3,15,0.05
2622,4,14,20,1,15,0.04
2623,4,14,20,2,15,0.04
2624,4,14,20,3,15,0.04
2625,4,14,30,1,15,0.06
2626,4,14,30,2,15,0.05
2627,4,14,30,3,15,0.04
2628,4,21,5,1,15,0.05
2629,4,21,5,2,15,0.05
2630,4,21,5,3,15,0.05
2631,4,21,10,1,15,0.04
2632,4,21,10,2,15,0.05
2633,4,21,10,3,15,0.05
2634,4,21,20,1,15,0.04
2635,4,21,20,2,15,0.05
2636,4,21,20,3,15,0.04
2637,4,21,30,1,15,0.06
2638,4,21,30,2,15,0.04
2639,4,21,30,3,15,0.06
2640,6,1,5,1,15,0.03
2641,6,1,5,2,15,0.03
2642,6,1,5,3,15,0.03
2643,6,1,10,1,15,0.02
2644,6,1,10,2,15,0.02
2645,6,1,10,3,15,0.02
2646,6,1,20,1,15,0.01
2647,6,1,20,2,15,0.01
2648,6,1,20,3,15,0.01
2649,6,1,30,1,15,0.01
2650,6,1,30,2,15,0.01
2651,6,1,30,3,15,0.01
2652,6,3,5,1,15,0.03
2653,6,3,5,2,15,0.03
2654,6,3,5,3,15,0.03
2655,6,3,10,1,15,0.02
2656,6,3,10,2,15,0.02
2657,6,3,10,3,15,0.02
2658,6,3,20,1,15,0.01
2659,6,3,20,2,15,0.01
2660,6,3,20,3,15,0.01
2661,6,3,30,1,15,0.01
2662,6,3,30,2,15,0.01
2663,6,3,30,3,15,0.01
2664,6,7,5,1,15,0.03
2665,6,7,5,2,15,0.03
2666,6,7,5,3,15,0.03
2667,6,7,10,1,15,0.02
2668,6,7,10,2,15,0.02
2669,6,7,10,3,15,0.02
2670,6,7,20,1,15,0.01
2671,6,7,20,2,15,0.02
2672,6,7,20,3,15,0.02
2673,6,7,30,1,15,0.01
2674,6,7,30,2,15,0.01
2675,6,7,30,3,15,0.02
2676,6,14,5,1,15,0.03
2677,6,14,5,2,15,0.03
2678,6,14,5,3,15,0.03
2679,6,14,10,1,15,0.03
2680,6,14,10,2,15,0.03
2681,6,14,10,3,15,0.03
2682,6,14,20,1,15,0.03
2683,6,14,20,2,15,0.03
2684,6,14,20,3,15,0.03
2685,6,14,30,1,15,0.03
2686,6,14,30,2,15,0.03
2687,6,14,30,3,15,0.03
2688,6,21,5,1,15,0.03
2689,6,21,5,2,15,0.03
2690,6,21,5,3,15,0.03
2691,6,21,10,1,15,0.03
2692,6,21,10,2,15,0.03
2693,6,21,10,3,15,0.02
2694,6,21,20,1,15,0.03
2695,6,21,20,2,15,0.03
2696,6,21,20,3,15,0.03
2697,6,21,30,1,15,0.03
2698,6,21,30,2,15,0.03
2699,6,21,30,3,15,0.03
2700,2,1,5,1,16,0.10
2701,2,1,5,2,16,
2702,2,1,5,3,16,
2703,2,1,10,1,16,0.05
2704,2,1,10,2,16,
2705,2,1,10,3,16,
2706,2,1,20,1,16,0.05
2707,2,1,20,2,16,
2708,2,1,20,3,16,
2709,2,1,30,1,16,0.03
2710,2,1,30,2,16,
2711,2,1,30,3,16,
2712,2,3,5,1,16,0.10
2713,2,3,5,2,16,
2714,2,3,5,3,16,
2715,2,3,10,1,16,0.05
2716,2,3,10,2,16,
2717,2,3,10,3,16,
2718,2,3,20,1,16,0.05
2719,2,3,20,2,16,
2720,2,3,20,3,16,
2721,2,3,30,1,16,0.06
2722,2,3,30,2,16,
2723,2,3,30,3,16,
2724,2,7,5,1,16,0.10
2725,2,7,5,2,16,
2726,2,7,5,3,16,
2727,2,7,10,1,16,0.05
2728,2,7,10,2,16,
2729,2,7,10,3,16,
2730,2,7,20,1,16,0.05
2731,2,7,20,2,16,
2732,2,7,20,3,16,
2733,2,7,30,1,16,0.05
2734,2,7,30,2,16,
2735,2,7,30,3,16,
2736,2,14,5,1,16,0.10
2737,2,14,5,2,16,
2738,2,14,5,3,16,
2739,2,14,10,1,16,0.10
2740,2,14,10,2,16,
2741,2,14,10,3,16,
2742,2,14,20,1,16,0.07
2743,2,14,20,2,16,
2744,2,14,20,3,16,
2745,2,14,30,1,16,0.08
2746,2,14,30,2,16,
2747,2,14,30,3,16,
2748,2,21,5,1,16,0.10
2749,2,21,5,2,16,
2750,2,21,5,3,16,
2751,2,21,10,1,16,0.10
2752,2,21,10,2,16,
2753,2,21,10,3,16,
2754,2,21,20,1,16,0.10
2755,2,21,20,2,16,
2756,2,21,20,3,16,
2757,2,21,30,1,16,0.11
2758,2,21,30,2,16,
2759,2,21,30,3,16,
2760,4,1,5,1,16,0.05
2761,4,1,5,2,16,0.05
2762,4,1,5,3,16,0.05
2763,4,1,10,1,16,0.03
2764,4,1,10,2,16,0.03
2765,4,1,10,3,16,0.03
2766,4,1,20,1,16,0.01
2767,4,1,20,2,16,0.01
2768,4,1,20,3,16,0.01
2769,4,1,30,1,16,0.02
2770,4,1,30,2,16,0.02
2771,4,1,30,3,16,0.02
2772,4,3,5,1,16,0.05
2773,4,3,5,2,16,0.05
2774,4,3,5,3,16,0.05
2775,4,3,10,1,16,0.03
2776,4,3,10,2,16,0.03
2777,4,3,10,3,16,0.03
2778,4,3,20,1,16,0.01
2779,4,3,20,2,16,0.03
2780,4,3,20,3,16,0.03
2781,4,3,30,1,16,0.02
2782,4,3,30,2,16,0.02
2783,4,3,30,3,16,0.02
2784,4,7,5,1,16,0.05
2785,4,7,5,2,16,0.05
2786,4,7,5,3,16,0.05
2787,4,7,10,1,16,0.03
2788,4,7,10,2,16,0.03
2789,4,7,10,3,16,0.03
2790,4,7,20,1,16,0.03
2791,4,7,20,2,16,0.03
2792,4,7,20,3,16,0.03
2793,4,7,30,1,16,0.02
2794,4,7,30,2,16,0.03
2795,4,7,30,3,16,0.03
2796,4,14,5,1,16,0.05
2797,4,14,5,2,16,0.05
2798,4,14,5,3,16,0.05
2799,4,14,10,1,16,0.05
2800,4,14,10,2,16,0.03
2801,4,14,10,3,16,0.05
2802,4,14,20,1,16,0.04
2803,4,14,20,2,16,0.04
2804,4,14,20,3,16,0.04
2805,4,14,30,1,16,0.06
2806,4,14,30,2,16,0.05
2807,4,14,30,3,16,0.04
2808,4,21,5,1,16,0.05
2809,4,21,5,2,16,0.05
2810,4,21,5,3,16,0.05
2811,4,21,10,1,16,0.05
2812,4,21,10,2,16,0.05
2813,4,21,10,3,16,0.05
2814,4,21,20,1,16,0.05
2815,4,21,20,2,16,0.05
2816,4,21,20,3,16,0.05
2817,4,21,30,1,16,0.07
2818,4,21,30,2,16,0.05
2819,4,21,30,3,16,0.06
2820,6,1,5,1,16,0.03
2821,6,1,5,2,16,0.03
2822,6,1,5,3,16,0.03
2823,6,1,10,1,16,0.02
2824,6,1,10,2,16,0.02
2825,6,1,10,3,16,0.02
2826,6,1,20,1,16,0.01
2827,6,1,20,2,16,0.01
2828,6,1,20,3,16,0.01
2829,6,1,30,1,16,0.01
2830,6,1,30,2,16,0.01
2831,6,1,30,3,16,0.01
2832,6,3,5,1,16,0.03
2833,6,3,5,2,16,0.03
2834,6,3,5,3,16,0.03
2835,6,3,10,1,16,0.02
2836,6,3,10,2,16,0.02
2837,6,3,10,3,16,0.02
2838,6,3,20,1,16,0.01
2839,6,3,20,2,16,0.01
2840,6,3,20,3,16,0.01
2841,6,3,30,1,16,0.01
2842,6,3,30,2,16,0.01
2843,6,3,30,3,16,0.01
2844,6,7,5,1,16,0.03
2845,6,7,5,2,16,0.03
2846,6,7,5,3,16,0.03
2847,6,7,10,1,16,0.02
2848,6,7,10,2,16,0.02
2849,6,7,10,3,16,0.02
2850,6,7,20,1,16,0.01
2851,6,7,20,2,16,0.02
2852,6,7,20,3,16,0.02
2853,6,7,30,1,16,0.01
2854,6,7,30,2,16,0.01
2855,6,7,30,3,16,0.02
2856,6,14,5,1,16,0.03
2857,6,14,5,2,16,0.03
2858,6,14,5,3,16,0.03
2859,6,14,10,1,16,0.03
2860,6,14,10,2,16,0.03
2861,6,14,10,3,16,0.03
2862,6,14,20,1,16,0.03
2863,6,14,20,2,16,0.03
2864,6,14,20,3,16,0.03
2865,6,14,30,1,16,0.03
2866,6,14,30,2,16,0.03
2867,6,14,30,3,16,0.03
2868,6,21,5,1,16,0.03
2869,6,21,5,2,16,0.03
2870,6,21,5,3,16,0.03
2871,6,21,10,1,16,0.03
2872,6,21,10,2,16,0.03
2873,6,21,10,3,16,0.03
2874,6,21,20,1,16,0.03
2875,6,21,20,2,16,0.03
2876,6,21,20,3,16,0.03
2877,6,21,30,1,16,0.04
2878,6,21,30,2,16,0.03
2879,6,21,30,3,16,0.04
2880,2,1,5,1,17,0.10
2881,2,1,5,2,17,
2882,2,1,5,3,17,
2883,2,1,10,1,17,0.05
2884,2,1,10,2,17,
2885,2,1,10,3,17,
2886,2,1,20,1,17,0.05
2887,2,1,20,2,17,
2888,2,1,20,3,17,
2889,2,1,30,1,17,0.05
2890,2,1,30,2,17,
2891,2,1,30,3,17,
2892,2,3,5,1,17,0.10
2893,2,3,5,2,17,
2894,2,3,5,3,17,
2895,2,3,10,1,17,0.05
2896,2,3,10,2,17,
2897,2,3,10,3,17,
2898,2,3,20,1,17,0.05
2899,2,3,20,2,17,
2900,2,3,20,3,17,
2901,2,3,30,1,17,0.06
2902,2,3,30,2,17,
2903,2,3,30,3,17,
2904,2,7,5,1,17,0.10
2905,2,7,5,2,17,
2906,2,7,5,3,17,
2907,2,7,10,1,17,0.05
2908,2,7,10,2,17,
2909,2,7,10,3,17,
2910,2,7,20,1,17,0.05
2911,2,7,20,2,17,
2912,2,7,20,3,17,
2913,2,7,30,1,17,0.05
2914,2,7,30,2,17,
2915,2,7,30,3,17,
2916,2,14,5,1,17,0.10
2917,2,14,5,2,17,
2918,2,14,5,3,17,
2919,2,14,10,1,17,0.10
2920,2,14,10,2,17,
2921,2,14,10,3,17,
2922,2,14,20,1,17,0.07
2923,2,14,20,2,17,
2924,2,14,20,3,17,
2925,2,14,30,1,17,0.08
2926,2,14,30,2,17,
2927,2,14,30,3,17,
2928,2,21,5,1,17,0.10
2929,2,21,5,2,17,
2930,2,21,5,3,17,
2931,2,21,10,1,17,0.10
2932,2,21,10,2,17,
2933,2,21,10,3,17,
2934,2,21,20,1,17,0.10
2935,2,21,20,2,17,
2936,2,21,20,3,17,
2937,2,21,30,1,17,0.12
2938,2,21,30,2,17,
2939,2,21,30,3,17,
2940,4,1,5,1,17,0.05
2941,4,1,5,2,17,0.05
2942,4,1,5,3,17,0.05
2943,4,1,10,1,17,0.03
2944,4,1,10,2,17,0.03
2945,4,1,10,3,17,0.03
2946,4,1,20,1,17,0.01
2947,4,1,20,2,17,0.01
2948,4,1,20,3,17,0.01
2949,4,1,30,1,17,0.02
2950,4,1,30,2,17,0.02
2951,4,1,30,3,17,0.02
2952,4,3,5,1,17,0.05
2953,4,3,5,2,17,0.05
2954,4,3,5,3,17,0.05
2955,4,3,10,1,17,0.03
2956,4,3,10,2,17,0.03
2957,4,3,10,3,17,0.03
2958,4,3,20,1,17,0.01
2959,4,3,20,2,17,0.03
2960,4,3,20,3,17,0.03
2961,4,3,30,1,17,0.02
2962,4,3,30,2,17,0.02
2963,4,3,30,3,17,0.02
2964,4,7,5,1,17,0.05
2965,4,7,5,2,17,0.05
2966,4,7,5,3,17,0.05
2967,4,7,10,1,17,0.03
2968,4,7,10,2,17,0.03
2969,4,7,10,3,17,0.03
2970,4,7,20,1,17,0.03
2971,4,7,20,2,17,0.03
2972,4,7,20,3,17,0.03
2973,4,7,30,1,17,0.02
2974,4,7,30,2,17,0.03
2975,4,7,30,3,17,0.03
2976,4,14,5,1,17,0.05
2977,4,14,5,2,17,0.05
2978,4,14,5,3,17,0.05
2979,4,14,10,1,17,0.05
2980,4,14,10,2,17,0.03
2981,4,14,10,3,17,0.05
2982,4,14,20,1,17,0.04
2983,4,14,20,2,17,0.04
2984,4,14,20,3,17,0.04
2985,4,14,30,1,17,0.06
2986,4,14,30,2,17,0.05
2987,4,14,30,3,17,0.04
2988,4,21,5,1,17,0.05
2989,4,21,5,2,17,0.05
2990,4,21,5,3,17,0.05
2991,4,21,10,1,17,0.05
2992,4,21,10,2,17,0.05
2993,4,21,10,3,17,0.05
2994,4,21,20,1,17,0.05
2995,4,21,20,2,17,0.05
2996,4,21,20,3,17,0.05
2997,4,21,30,1,17,0.07
2998,4,21,30,2,17,0.06
2999,4,21,30,3,17,0.07
3000,6,1,5,1,17,0.03
3001,6,1,5,2,17,0.03
3002,6,1,5,3,17,0.03
3003,6,1,10,1,17,0.02
3004,6,1,10,2,17,0.02
3005,6,1,10,3,17,0.02
3006,6,1,20,1,17,0.01
3007,6,1,20,2,17,0.01
3008,6,1,20,3,17,0.01
3009,6,1,30,1,17,0.01
3010,6,1,30,2,17,0.01
3011,6,1,30,3,17,0.01
3012,6,3,5,1,17,0.03
3013,6,3,5,2,17,0.03
3014,6,3,5,3,17,0.03
3015,6,3,10,1,17,0.02
3016,6,3,10,2,17,0.02
3017,6,3,10,3,17,0.02
3018,6,3,20,1,17,0.01
3019,6,3,20,2,17,0.01
3020,6,3,20,3,17,0.01
3021,6,3,30,1,17,0.01
3022,6,3,30,2,17,0.01
3023,6,3,30,3,17,0.01
3024,6,7,5,1,17,0.03
3025,6,7,5,2,17,0.03
3026,6,7,5,3,17,0.03
3027,6,7,10,1,17,0.02
3028,6,7,10,2,17,0.02
3029,6,7,10,3,17,0.02
3030,6,7,20,1,17,0.02
3031,6,7,20,2,17,0.02
3032,6,7,20,3,17,0.02
3033,6,7,30,1,17,0.02
3034,6,7,30,2,17,0.01
3035,6,7,30,3,17,0.02
3036,6,14,5,1,17,0.03
3037,6,14,5,2,17,0.03
3038,6,14,5,3,17,0.03
3039,6,14,10,1,17,0.03
3040,6,14,10,2,17,0.03
3041,6,14,10,3,17,0.03
3042,6,14,20,1,17,0.03
3043,6,14,20,2,17,0.03
3044,6,14,20,3,17,0.03
3045,6,14,30,1,17,0.03
3046,6,14,30,2,17,0.03
3047,6,14,30,3,17,0.03
3048,6,21,5,1,17,0.03
3049,6,21,5,2,17,0.03
3050,6,21,5,3,17,0.03
3051,6,21,10,1,17,0.03
3052,6,21,10,2,17,0.03
3053,6,21,10,3,17,0.03
3054,6,21,20,1,17,0.03
3055,6,21,20,2,17,0.04
3056,6,21,20,3,17,0.03
3057,6,21,30,1,17,0.04
3058,6,21,30,2,17,0.04
3059,6,21,30,3,17,0.04
3060,2,1,5,1,18,0.10
3061,2,1,5,2,18,
3062,2,1,5,3,18,
3063,2,1,10,1,18,0.05
3064,2,1,10,2,18,
3065,2,1,10,3,18,
3066,2,1,20,1,18,0.05
3067,2,1,20,2,18,
3068,2,1,20,3,18,
3069,2,1,30,1,18,0.05
3070,2,1,30,2,18,
3071,2,1,30,3,18,
3072,2,3,5,1,18,0.10
3073,2,3,5,2,18,
3074,2,3,5,3,18,
3075,2,3,10,1,18,0.05
3076,2,3,10,2,18,
3077,2,3,10,3,18,
3078,2,3,20,1,18,0.05
3079,2,3,20,2,18,
3080,2,3,20,3,18,
3081,2,3,30,1,18,0.06
3082,2,3,30,2,18,
3083,2,3,30,3,18,
3084,2,7,5,1,18,0.10
3085,2,7,5,2,18,
3086,2,7,5,3,18,
3087,2,7,10,1,18,0.05
3088,2,7,10,2,18,
3089,2,7,10,3,18,
3090,2,7,20,1,18,0.05
3091,2,7,20,2,18,
3092,2,7,20,3,18,
3093,2,7,30,1,18,0.07
3094,2,7,30,2,18,
3095,2,7,30,3,18,
3096,2,14,5,1,18,0.10
3097,2,14,5,2,18,
3098,2,14,5,3,18,
3099,2,14,10,1,18,0.10
3100,2,14,10,2,18,
3101,2,14,10,3,18,
3102,2,14,20,1,18,0.07
3103,2,14,20,2,18,
3104,2,14,20,3,18,
3105,2,14,30,1,18,0.08
3106,2,14,30,2,18,
3107,2,14,30,3,18,
3108,2,21,5,1,18,0.10
3109,2,21,5,2,18,
3110,2,21,5,3,18,
3111,2,21,10,1,18,0.10
3112,2,21,10,2,18,
3113,2,21,10,3,18,
3114,2,21,20,1,18,0.12
3115,2,21,20,2,18,
3116,2,21,20,3,18,
3117,2,21,30,1,18,0.13
3118,2,21,30,2,18,
3119,2,21,30,3,18,
3120,4,1,5,1,18,0.05
3121,4,1,5,2,18,0.05
3122,4,1,5,3,18,0.05
3123,4,1,10,1,18,0.03
3124,4,1,10,2,18,0.03
3125,4,1,10,3,18,0.03
3126,4,1,20,1,18,0.01
3127,4,1,20,2,18,0.01
3128,4,1,20,3,18,0.02
3129,4,1,30,1,18,0.02
3130,4,1,30,2,18,0.02
3131,4,1,30,3,18,0.02
3132,4,3,5,1,18,0.05
3133,4,3,5,2,18,0.05
3134,4,3,5,3,18,0.05
3135,4,3,10,1,18,0.03
3136,4,3,10,2,18,0.03
3137,4,3,10,3,18,0.03
3138,4,3,20,1,18,0.01
3139,4,3,20,2,18,0.03
3140,4,3,20,3,18,0.03
3141,4,3,30,1,18,0.02
3142,4,3,30,2,18,0.02
3143,4,3,30,3,18,0.02
3144,4,7,5,1,18,0.05
3145,4,7,5,2,18,0.05
3146,4,7,5,3,18,0.05
3147,4,7,10,1,18,0.03
3148,4,7,10,2,18,0.05
3149,4,7,10,3,18,0.03
3150,4,7,20,1,18,0.03
3151,4,7,20,2,18,0.03
3152,4,7,20,3,18,0.03
3153,4,7,30,1,18,0.02
3154,4,7,30,2,18,0.03
3155,4,7,30,3,18,0.03
3156,4,14,5,1,18,0.05
3157,4,14,5,2,18,0.05
3158,4,14,5,3,18,0.05
3159,4,14,10,1,18,0.05
3160,4,14,10,2,18,0.03
3161,4,14,10,3,18,0.05
3162,4,14,20,1,18,0.04
3163,4,14,20,2,18,0.04
3164,4,14,20,3,18,0.04
3165,4,14,30,1,18,0.06
3166,4,14,30,2,18,0.05
3167,4,14,30,3,18,0.04
3168,4,21,5,1,18,0.05
3169,4,21,5,2,18,0.05
3170,4,21,5,3,18,0.05
3171,4,21,10,1,18,0.05
3172,4,21,10,2,18,0.05
3173,4,21,10,3,18,0.05
3174,4,21,20,1,18,0.05
3175,4,21,20,2,18,0.06
3176,4,21,20,3,18,0.05
3177,4,21,30,1,18,0.08
3178,4,21,30,2,18,0.07
3179,4,21,30,3,18,0.07
3180,6,1,5,1,18,0.03
3181,6,1,5,2,18,0.03
3182,6,1,5,3,18,0.03
3183,6,1,10,1,18,0.02
3184,6,1,10,2,18,0.02
3185,6,1,10,3,18,0.02
3186,6,1,20,1,18,0.01
3187,6,1,20,2,18,0.01
3188,6,1,20,3,18,0.01
3189,6,1,30,1,18,0.01
3190,6,1,30,2,18,0.01
3191,6,1,30,3,18,0.01
3192,6,3,5,1,18,0.03
3193,6,3,5,2,18,0.03
3194,6,3,5,3,18,0.03
3195,6,3,10,1,18,0.02
3196,6,3,10,2,18,0.02
3197,6,3,10,3,18,0.02
3198,6,3,20,1,18,0.01
3199,6,3,20,2,18,0.01
3200,6,3,20,3,18,0.01
3201,6,3,30,1,18,0.01
3202,6,3,30,2,18,0.01
3203,6,3,30,3,18,0.01
3204,6,7,5,1,18,0.03
3205,6,7,5,2,18,0.03
3206,6,7,5,3,18,0.03
3207,6,7,10,1,18,0.02
3208,6,7,10,2,18,0.02
3209,6,7,10,3,18,0.02
3210,6,7,20,1,18,0.02
3211,6,7,20,2,18,0.02
3212,6,7,20,3,18,0.02
3213,6,7,30,1,18,0.02
3214,6,7,30,2,18,0.01
3215,6,7,30,3,18,0.02
3216,6,14,5,1,18,0.03
3217,6,14,5,2,18,0.03
3218,6,14,5,3,18,0.03
3219,6,14,10,1,18,0.03
3220,6,14,10,2,18,0.03
3221,6,14,10,3,18,0.03
3222,6,14,20,1,18,0.03
3223,6,14,20,2,18,0.03
3224,6,14,20,3,18,0.03
3225,6,14,30,1,18,0.03
3226,6,14,30,2,18,0.03
3227,6,14,30,3,18,0.03
3228,6,21,5,1,18,0.03
3229,6,21,5,2,18,0.03
3230,6,21,5,3,18,0.03
3231,6,21,10,1,18,0.03
3232,6,21,10,2,18,0.03
3233,6,21,10,3,18,0.03
3234,6,21,20,1,18,0.04
3235,6,21,20,2,18,0.04
3236,6,21,20,3,18,0.03
3237,6,21,30,1,18,0.05
3238,6,21,30,2,18,0.04
3239,6,21,30,3,18,0.04
3240,2,1,5,1,19,0.10
3241,2,1,5,2,19,
3242,2,1,5,3,19,
3243,2,1,10,1,19,0.05
3244,2,1,10,2,19,
3245,2,1,10,3,19,
3246,2,1,20,1,19,0.05
3247,2,1,20,2,19,
3248,2,1,20,3,19,
3249,2,1,30,1,19,0.05
3250,2,1,30,2,19,
3251,2,1,30,3,19,
3252,2,3,5,1,19,0.10
3253,2,3,5,2,19,
3254,2,3,5,3,19,
3255,2,3,10,1,19,0.05
3256,2,3,10,2,19,
3257,2,3,10,3,19,
3258,2,3,20,1,19,0.05
3259,2,3,20,2,19,
3260,2,3,20,3,19,
3261,2,3,30,1,19,0.07
3262,2,3,30,2,19,
3263,2,3,30,3,19,
3264,2,7,5,1,19,0.10
3265,2,7,5,2,19,
3266,2,7,5,3,19,
3267,2,7,10,1,19,0.05
3268,2,7,10,2,19,
3269,2,7,10,3,19,
3270,2,7,20,1,19,0.05
3271,2,7,20,2,19,
3272,2,7,20,3,19,
3273,2,7,30,1,19,0.07
3274,2,7,30,2,19,
3275,2,7,30,3,19,
3276,2,14,5,1,19,0.10
3277,2,14,5,2,19,
3278,2,14,5,3,19,
3279,2,14,10,1,19,0.10
3280,2,14,10,2,19,
3281,2,14,10,3,19,
3282,2,14,20,1,19,0.07
3283,2,14,20,2,19,
3284,2,14,20,3,19,
3285,2,14,30,1,19,0.08
3286,2,14,30,2,19,
3287,2,14,30,3,19,
3288,2,21,5,1,19,0.10
3289,2,21,5,2,19,
3290,2,21,5,3,19,
3291,2,21,10,1,19,0.10
3292,2,21,10,2,19,
3293,2,21,10,3,19,
3294,2,21,20,1,19,0.12
3295,2,21,20,2,19,
3296,2,21,20,3,19,
3297,2,21,30,1,19,0.15
3298,2,21,30,2,19,
3299,2,21,30,3,19,
3300,4,1,5,1,19,0.05
3301,4,1,5,2,19,0.05
3302,4,1,5,3,19,0.05
3303,4,1,10,1,19,0.03
3304,4,1,10,2,19,0.03
3305,4,1,10,3,19,0.03
3306,4,1,20,1,19,0.01
3307,4,1,20,2,19,0.01
3308,4,1,20,3,19,0.03
3309,4,1,30,1,19,0.02
3310,4,1,30,2,19,0.02
3311,4,1,30,3,19,0.02
3312,4,3,5,1,19,0.05
3313,4,3,5,2,19,0.05
3314,4,3,5,3,19,0.05
3315,4,3,10,1,19,0.03
3316,4,3,10,2,19,0.03
3317,4,3,10,3,19,0.03
3318,4,3,20,1,19,0.02
3319,4,3,20,2,19,0.03
3320,4,3,20,3,19,0.03
3321,4,3,30,1,19,0.02
3322,4,3,30,2,19,0.02
3323,4,3,30,3,19,0.02
3324,4,7,5,1,19,0.05
3325,4,7,5,2,19,0.05
3326,4,7,5,3,19,0.05
3327,4,7,10,1,19,0.03
3328,4,7,10,2,19,0.05
3329,4,7,10,3,19,0.03
3330,4,7,20,1,19,0.03
3331,4,7,20,2,19,0.03
3332,4,7,20,3,19,0.03
3333,4,7,30,1,19,0.02
3334,4,7,30,2,19,0.03
3335,4,7,30,3,19,0.03
3336,4,14,5,1,19,0.05
3337,4,14,5,2,19,0.05
3338,4,14,5,3,19,0.05
3339,4,14,10,1,19,0.05
3340,4,14,10,2,19,0.03
3341,4,14,10,3,19,0.05
3342,4,14,20,1,19,0.04
3343,4,14,20,2,19,0.04
3344,4,14,20,3,19,0.04
3345,4,14,30,1,19,0.06
3346,4,14,30,2,19,0.05
3347,4,14,30,3,19,0.04
3348,4,21,5,1,19,0.05
3349,4,21,5,2,19,0.08
3350,4,21,5,3,19,0.05
3351,4,21,10,1,19,0.05
3352,4,21,10,2,19,0.05
3353,4,21,10,3,19,0.05
3354,4,21,20,1,19,0.06
3355,4,21,20,2,19,0.06
3356,4,21,20,3,19,0.06
3357,4,21,30,1,19,0.09
3358,4,21,30,2,19,0.07
3359,4,21,30,3,19,0.08
3360,6,1,5,1,19,0.03
3361,6,1,5,2,19,0.03
3362,6,1,5,3,19,0.03
3363,6,1,10,1,19,0.02
3364,6,1,10,2,19,0.02
3365,6,1,10,3,19,0.02
3366,6,1,20,1,19,0.01
3367,6,1,20,2,19,0.01
3368,6,1,20,3,19,0.01
3369,6,1,30,1,19,0.01
3370,6,1,30,2,19,0.01
3371,6,1,30,3,19,0.01
3372,6,3,5,1,19,0.03
3373,6,3,5,2,19,0.03
3374,6,3,5,3,19,0.03
3375,6,3,10,1,19,0.02
3376,6,3,10,2,19,0.02
3377,6,3,10,3,19,0.02
3378,6,3,20,1,19,0.01
3379,6,3,20,2,19,0.01
3380,6,3,20,3,19,0.01
3381,6,3,30,1,19,0.01
3382,6,3,30,2,19,0.01
3383,6,3,30,3,19,0.01
3384,6,7,5,1,19,0.03
3385,6,7,5,2,19,0.03
3386,6,7,5,3,19,0.03
3387,6,7,10,1,19,0.02
3388,6,7,10,2,19,0.02
3389,6,7,10,3,19,0.02
3390,6,7,20,1,19,0.02
3391,6,7,20,2,19,0.02
3392,6,7,20,3,19,0.02
3393,6,7,30,1,19,0.02
3394,6,7,30,2,19,0.01
3395,6,7,30,3,19,0.02
3396,6,14,5,1,19,0.03
3397,6,14,5,2,19,0.03
3398,6,14,5,3,19,0.03
3399,6,14,10,1,19,0.03
3400,6,14,10,2,19,0.03
3401,6,14,10,3,19,0.03
3402,6,14,20,1,19,0.03
3403,6,14,20,2,19,0.03
3404,6,14,20,3,19,0.03
3405,6,14,30,1,19,0.03
3406,6,14,30,2,19,0.03
3407,6,14,30,3,19,0.03
3408,6,21,5,1,19,0.03
3409,6,21,5,2,19,0.03
3410,6,21,5,3,19,0.03
3411,6,21,10,1,19,0.03
3412,6,21,10,2,19,0.03
3413,6,21,10,3,19,0.03
3414,6,21,20,1,19,0.04
3415,6,21,20,2,19,0.04
3416,6,21,20,3,19,0.04
3417,6,21,30,1,19,0.06
3418,6,21,30,2,19,0.04
3419,6,21,30,3,19,0.05
3420,2,1,5,1,20,0.10
3421,2,1,5,2,20,
3422,2,1,5,3,20,
3423,2,1,10,1,20,0.05
3424,2,1,10,2,20,
3425,2,1,10,3,20,
3426,2,1,20,1,20,0.05
3427,2,1,20,2,20,
3428,2,1,20,3,20,
3429,2,1,30,1,20,0.05
3430,2,1,30,2,20,
3431,2,1,30,3,20,
3432,2,3,5,1,20,0.10
3433,2,3,5,2,20,
3434,2,3,5,3,20,
3435,2,3,10,1,20,0.05
3436,2,3,10,2,20,
3437,2,3,10,3,20,
3438,2,3,20,1,20,0.05
3439,2,3,20,2,20,
3440,2,3,20,3,20,
3441,2,3,30,1,20,0.07
3442,2,3,30,2,20,
3443,2,3,30,3,20,
3444,2,7,5,1,20,0.10
3445,2,7,5,2,20,
3446,2,7,5,3,20,
3447,2,7,10,1,20,0.10
3448,2,7,10,2,20,
3449,2,7,10,3,20,
3450,2,7,20,1,20,0.07
3451,2,7,20,2,20,
3452,2,7,20,3,20,
3453,2,7,30,1,20,0.08
3454,2,7,30,2,20,
3455,2,7,30,3,20,
3456,2,14,5,1,20,0.10
3457,2,14,5,2,20,
3458,2,14,5,3,20,
3459,2,14,10,1,20,0.10
3460,2,14,10,2,20,
3461,2,14,10,3,20,
3462,2,14,20,1,20,0.07
3463,2,14,20,2,20,
3464,2,14,20,3,20,
3465,2,14,30,1,20,0.08
3466,2,14,30,2,20,
3467,2,14,30,3,20,
3468,2,21,5,1,20,0.10
3469,2,21,5,2,20,
3470,2,21,5,3,20,
3471,2,21,10,1,20,0.10
3472,2,21,10,2,20,
3473,2,21,10,3,20,
3474,2,21,20,1,20,0.12
3475,2,21,20,2,20,
3476,2,21,20,3,20,
3477,2,21,30,1,20,0.17
3478,2,21,30,2,20,
3479,2,21,30,3,20,
3480,4,1,5,1,20,0.05
3481,4,1,5,2,20,0.05
3482,4,1,5,3,20,0.05
3483,4,1,10,1,20,0.03
3484,4,1,10,2,20,0.03
3485,4,1,10,3,20,0.03
3486,4,1,20,1,20,0.01
3487,4,1,20,2,20,0.01
3488,4,1,20,3,20,0.03
3489,4,1,30,1,20,0.02
3490,4,1,30,2,20,0.02
3491,4,1,30,3,20,0.02
3492,4,3,5,1,20,0.05
3493,4,3,5,2,20,0.05
3494,4,3,5,3,20,0.05
3495,4,3,10,1,20,0.03
3496,4,3,10,2,20,0.03
3497,4,3,10,3,20,0.03
3498,4,3,20,1,20,0.03
3499,4,3,20,2,20,0.03
3500,4,3,20,3,20,0.03
3501,4,3,30,1,20,0.02
3502,4,3,30,2,20,0.02
3503,4,3,30,3,20,0.03
3504,4,7,5,1,20,0.05
3505,4,7,5,2,20,0.05
3506,4,7,5,3,20,0.05
3507,4,7,10,1,20,0.03
3508,4,7,10,2,20,0.05
3509,4,7,10,3,20,0.03
3510,4,7,20,1,20,0.03
3511,4,7,20,2,20,0.03
3512,4,7,20,3,20,0.03
3513,4,7,30,1,20,0.03
3514,4,7,30,2,20,0.03
3515,4,7,30,3,20,0.03
3516,4,14,5,1,20,0.05
3517,4,14,5,2,20,0.05
3518,4,14,5,3,20,0.05
3519,4,14,10,1,20,0.05
3520,4,14,10,2,20,0.03
3521,4,14,10,3,20,0.05
3522,4,14,20,1,20,0.04
3523,4,14,20,2,20,0.04
3524,4,14,20,3,20,0.04
3525,4,14,30,1,20,0.06
3526,4,14,30,2,20,0.05
3527,4,14,30,3,20,0.04
3528,4,21,5,1,20,0.08
3529,4,21,5,2,20,0.10
3530,4,21,5,3,20,0.05
3531,4,21,10,1,20,0.05
3532,4,21,10,2,20,0.05
3533,4,21,10,3,20,0.05
3534,4,21,20,1,20,0.06
3535,4,21,20,2,20,0.06
3536,4,21,20,3,20,0.06
3537,4,21,30,1,20,0.10
3538,4,21,30,2,20,0.08
3539,4,21,30,3,20,0.10
3540,6,1,5,1,20,0.03
3541,6,1,5,2,20,0.03
3542,6,1,5,3,20,0.03
3543,6,1,10,1,20,0.02
3544,6,1,10,2,20,0.02
3545,6,1,10,3,20,0.02
3546,6,1,20,1,20,0.01
3547,6,1,20,2,20,0.01
3548,6,1,20,3,20,0.01
3549,6,1,30,1,20,0.01
3550,6,1,30,2,20,0.01
3551,6,1,30,3,20,0.01
3552,6,3,5,1,20,0.03
3553,6,3,5,2,20,0.03
3554,6,3,5,3,20,0.03
3555,6,3,10,1,20,0.02
3556,6,3,10,2,20,0.02
3557,6,3,10,3,20,0.02
3558,6,3,20,1,20,0.01
3559,6,3,20,2,20,0.01
3560,6,3,20,3,20,0.01
3561,6,3,30,1,20,0.01
3562,6,3,30,2,20,0.01
3563,6,3,30,3,20,0.01
3564,6,7,5,1,20,0.03
3565,6,7,5,2,20,0.03
3566,6,7,5,3,20,0.03
3567,6,7,10,1,20,0.02
3568,6,7,10,2,20,0.02
3569,6,7,10,3,20,0.02
3570,6,7,20,1,20,0.02
3571,6,7,20,2,20,0.02
3572,6,7,20,3,20,0.02
3573,6,7,30,1,20,0.02
3574,6,7,30,2,20,0.01
3575,6,7,30,3,20,0.02
3576,6,14,5,1,20,0.03
3577,6,14,5,2,20,0.03
3578,6,14,5,3,20,0.03
3579,6,14,10,1,20,0.03
3580,6,14,10,2,20,0.03
3581,6,14,10,3,20,0.03
3582,6,14,20,1,20,0.03
3583,6,14,20,2,20,0.03
3584,6,14,20,3,20,0.03
3585,6,14,30,1,20,0.03
3586,6,14,30,2,20,0.03
3587,6,14,30,3,20,0.03
3588,6,21,5,1,20,0.03
3589,6,21,5,2,20,0.03
3590,6,21,5,3,20,0.03
3591,6,21,10,1,20,0.03
3592,6,21,10,2,20,0.03
3593,6,21,10,3,20,0.03
3594,6,21,20,1,20,0.05
3595,6,21,20,2,20,0.05
3596,6,21,20,3,20,0.04
3597,6,21,30,1,20,0.07
3598,6,21,30,2,20,0.05
3599,6,21,30,3,20,0.06
3600,2,1,5,1,21,0.10
3601,2,1,5,2,21,
3602,2,1,5,3,21,
3603,2,1,10,1,21,0.05
3604,2,1,10,2,21,
3605,2,1,10,3,21,
3606,2,1,20,1,21,0.05
3607,2,1,20,2,21,
3608,2,1,20,3,21,
3609,2,1,30,1,21,0.05
3610,2,1,30,2,21,
3611,2,1,30,3,21,
3612,2,3,5,1,21,0.10
3613,2,3,5,2,21,
3614,2,3,5,3,21,
3615,2,3,10,1,21,0.05
3616,2,3,10,2,21,
3617,2,3,10,3,21,
3618,2,3,20,1,21,0.06
3619,2,3,20,2,21,
3620,2,3,20,3,21,
3621,2,3,30,1,21,0.08
3622,2,3,30,2,21,
3623,2,3,30,3,21,
3624,2,7,5,1,21,0.10
3625,2,7,5,2,21,
3626,2,7,5,3,21,
3627,2,7,10,1,21,0.10
3628,2,7,10,2,21,
3629,2,7,10,3,21,
3630,2,7,20,1,21,0.07
3631,2,7,20,2,21,
3632,2,7,20,3,21,
3633,2,7,30,1,21,0.10
3634,2,7,30,2,21,
3635,2,7,30,3,21,
3636,2,14,5,1,21,0.10
3637,2,14,5,2,21,
3638,2,14,5,3,21,
3639,2,14,10,1,21,0.10
3640,2,14,10,2,21,
3641,2,14,10,3,21,
3642,2,14,20,1,21,0.07
3643,2,14,20,2,21,
3644,2,14,20,3,21,
3645,2,14,30,1,21,0.08
3646,2,14,30,2,21,
3647,2,14,30,3,21,
3648,2,21,5,1,21,0.10
3649,2,21,5,2,21,
3650,2,21,5,3,21,
3651,2,21,10,1,21,0.15
3652,2,21,10,2,21,
3653,2,21,10,3,21,
3654,2,21,20,1,21,0.15
3655,2,21,20,2,21,
3656,2,21,20,3,21,
3657,2,21,30,1,21,0.17
3658,2,21,30,2,21,
3659,2,21,30,3,21,
3660,4,1,5,1,21,0.05
3661,4,1,5,2,21,0.05
3662,4,1,5,3,21,0.05
3663,4,1,10,1,21,0.03
3664,4,1,10,2,21,0.03
3665,4,1,10,3,21,0.03
3666,4,1,20,1,21,0.01
3667,4,1,20,2,21,0.03
3668,4,1,20,3,21,0.03
3669,4,1,30,1,21,0.02
3670,4,1,30,2,21,0.02
3671,4,1,30,3,21,0.03
3672,4,3,5,1,21,0.05
3673,4,3,5,2,21,0.05
3674,4,3,5,3,21,0.05
3675,4,3,10,1,21,0.03
3676,4,3,10,2,21,0.03
3677,4,3,10,3,21,0.03
3678,4,3,20,1,21,0.03
3679,4,3,20,2,21,0.03
3680,4,3,20,3,21,0.03
3681,4,3,30,1,21,0.03
3682,4,3,30,2,21,0.02
3683,4,3,30,3,21,0.03
3684,4,7,5,1,21,0.05
3685,4,7,5,2,21,0.05
3686,4,7,5,3,21,0.05
3687,4,7,10,1,21,0.03
3688,4,7,10,2,21,0.05
3689,4,7,10,3,21,0.04
3690,4,7,20,1,21,0.03
3691,4,7,20,2,21,0.03
3692,4,7,20,3,21,0.03
3693,4,7,30,1,21,0.03
3694,4,7,30,2,21,0.03
3695,4,7,30,3,21,0.04
3696,4,14,5,1,21,0.05
3697,4,14,5,2,21,0.05
3698,4,14,5,3,21,0.05
3699,4,14,10,1,21,0.05
3700,4,14,10,2,21,0.03
3701,4,14,10,3,21,0.05
3702,4,14,20,1,21,0.04
3703,4,14,20,2,21,0.04
3704,4,14,20,3,21,0.04
3705,4,14,30,1,21,0.06
3706,4,14,30,2,21,0.05
3707,4,14,30,3,21,0.04
3708,4,21,5,1,21,0.10
3709,4,21,5,2,21,0.10
3710,4,21,5,3,21,0.05
3711,4,21,10,1,21,0.05
3712,4,21,10,2,21,0.07
3713,4,21,10,3,21,0.05
3714,4,21,20,1,21,0.07
3715,4,21,20,2,21,0.07
3716,4,21,20,3,21,0.07
3717,4,21,30,1,21,0.12
3718,4,21,30,2,21,0.09
3719,4,21,30,3,21,0.11
3720,6,1,5,1,21,0.03
3721,6,1,5,2,21,0.03
3722,6,1,5,3,21,0.03
3723,6,1,10,1,21,0.02
3724,6,1,10,2,21,0.02
3725,6,1,10,3,21,0.02
3726,6,1,20,1,21,0.01
3727,6,1,20,2,21,0.01
3728,6,1,20,3,21,0.01
3729,6,1,30,1,21,0.01
3730,6,1,30,2,21,0.01
3731,6,1,30,3,21,0.01
3732,6,3,5,1,21,0.03
3733,6,3,5,2,21,0.03
3734,6,3,5,3,21,0.03
3735,6,3,10,1,21,0.02
3736,6,3,10,2,21,0.02
3737,6,3,10,3,21,0.02
3738,6,3,20,1,21,0.01
3739,6,3,20,2,21,0.01
3740,6,3,20,3,21,0.01
3741,6,3,30,1,21,0.01
3742,6,3,30,2,21,0.01
3743,6,3,30,3,21,0.01
3744,6,7,5,1,21,0.03
3745,6,7,5,2,21,0.03
3746,6,7,5,3,21,0.03
3747,6,7,10,1,21,0.02
3748,6,7,10,2,21,0.02
3749,6,7,10,3,21,0.02
3750,6,7,20,1,21,0.02
3751,6,7,20,2,21,0.02
3752,6,7,20,3,21,0.02
3753,6,7,30,1,21,0.02
3754,6,7,30,2,21,0.01
3755,6,7,30,3,21,0.02
3756,6,14,5,1,21,0.03
3757,6,14,5,2,21,0.03
3758,6,14,5,3,21,0.03
3759,6,14,10,1,21,0.03
3760,6,14,10,2,21,0.03
3761,6,14,10,3,21,0.03
3762,6,14,20,1,21,0.03
3763,6,14,20,2,21,0.03
3764,6,14,20,3,21,0.03
3765,6,14,30,1,21,0.03
3766,6,14,30,2,21,0.03
3767,6,14,30,3,21,0.03
3768,6,21,5,1,21,0.03
3769,6,21,5,2,21,0.03
3770,6,21,5,3,21,0.03
3771,6,21,10,1,21,0.04
3772,6,21,10,2,21,0.03
3773,6,21,10,3,21,0.03
3774,6,21,20,1,21,0.05
3775,6,21,20,2,21,0.05
3776,6,21,20,3,21,0.04
3777,6,21,30,1,21,0.07
3778,6,21,30,2,21,0.06
3779,6,21,30,3,21,0.06
